,Symbol
sp500,MMM
sp500,AOS
sp500,ABT
sp500,ABBV
sp500,ACN
sp500,ADBE
sp500,AMD
sp500,AES
sp500,AFL
sp500,A
sp500,APD
sp500,ABNB
sp500,AKAM
sp500,ALB
sp500,ARE
sp500,ALGN
sp500,ALLE
sp500,LNT
sp500,ALL
sp500,GOOGL
sp500,GOOG
sp500,MO
sp500,AMZN
sp500,AMCR
sp500,AEE
sp500,AEP
sp500,AXP
sp500,AIG
sp500,AMT
sp500,AWK
sp500,AMP
sp500,AME
sp500,AMGN
sp500,APH
sp500,ADI
sp500,ANSS
sp500,AON
sp500,APA
sp500,APO
sp500,AAPL
sp500,AMAT
sp500,APTV
sp500,ACGL
sp500,ADM
sp500,ANET
sp500,AJG
sp500,AIZ
sp500,T
sp500,ATO
sp500,ADSK
sp500,ADP
sp500,AZO
sp500,AVB
sp500,AVY
sp500,AXON
sp500,BKR
sp500,BALL
sp500,BAC
sp500,BAX
sp500,BDX
sp500,BRK.B
sp500,BBY
sp500,TECH
sp500,BIIB
sp500,BLK
sp500,BX
sp500,BK
sp500,BA
sp500,BKNG
sp500,BWA
sp500,BSX
sp500,BMY
sp500,AVGO
sp500,BR
sp500,BRO
sp500,BF.B
sp500,BLDR
sp500,BG
sp500,BXP
sp500,CHRW
sp500,CDNS
sp500,CZR
sp500,CPT
sp500,CPB
sp500,COF
sp500,CAH
sp500,KMX
sp500,CCL
sp500,CARR
sp500,CAT
sp500,CBOE
sp500,CBRE
sp500,CDW
sp500,CE
sp500,COR
sp500,CNC
sp500,CNP
sp500,CF
sp500,CRL
sp500,SCHW
sp500,CHTR
sp500,CVX
sp500,CMG
sp500,CB
sp500,CHD
sp500,CI
sp500,CINF
sp500,CTAS
sp500,CSCO
sp500,C
sp500,CFG
sp500,CLX
sp500,CME
sp500,CMS
sp500,KO
sp500,CTSH
sp500,CL
sp500,CMCSA
sp500,CAG
sp500,COP
sp500,ED
sp500,STZ
sp500,CEG
sp500,COO
sp500,CPRT
sp500,GLW
sp500,CPAY
sp500,CTVA
sp500,CSGP
sp500,COST
sp500,CTRA
sp500,CRWD
sp500,CCI
sp500,CSX
sp500,CMI
sp500,CVS
sp500,DHR
sp500,DRI
sp500,DVA
sp500,DAY
sp500,DECK
sp500,DE
sp500,DELL
sp500,DAL
sp500,DVN
sp500,DXCM
sp500,FANG
sp500,DLR
sp500,DFS
sp500,DG
sp500,DLTR
sp500,D
sp500,DPZ
sp500,DOV
sp500,DOW
sp500,DHI
sp500,DTE
sp500,DUK
sp500,DD
sp500,EMN
sp500,ETN
sp500,EBAY
sp500,ECL
sp500,EIX
sp500,EW
sp500,EA
sp500,ELV
sp500,EMR
sp500,ENPH
sp500,ETR
sp500,EOG
sp500,EPAM
sp500,EQT
sp500,EFX
sp500,EQIX
sp500,EQR
sp500,ERIE
sp500,ESS
sp500,EL
sp500,EG
sp500,EVRG
sp500,ES
sp500,EXC
sp500,EXPE
sp500,EXPD
sp500,EXR
sp500,XOM
sp500,FFIV
sp500,FDS
sp500,FICO
sp500,FAST
sp500,FRT
sp500,FDX
sp500,FIS
sp500,FITB
sp500,FSLR
sp500,FE
sp500,FI
sp500,FMC
sp500,F
sp500,FTNT
sp500,FTV
sp500,FOXA
sp500,FOX
sp500,BEN
sp500,FCX
sp500,GRMN
sp500,IT
sp500,GE
sp500,GEHC
sp500,GEV
sp500,GEN
sp500,GNRC
sp500,GD
sp500,GIS
sp500,GM
sp500,GPC
sp500,GILD
sp500,GPN
sp500,GL
sp500,GDDY
sp500,GS
sp500,HAL
sp500,HIG
sp500,HAS
sp500,HCA
sp500,DOC
sp500,HSIC
sp500,HSY
sp500,HES
sp500,HPE
sp500,HLT
sp500,HOLX
sp500,HD
sp500,HON
sp500,HRL
sp500,HST
sp500,HWM
sp500,HPQ
sp500,HUBB
sp500,HUM
sp500,HBAN
sp500,HII
sp500,IBM
sp500,IEX
sp500,IDXX
sp500,ITW
sp500,INCY
sp500,IR
sp500,PODD
sp500,INTC
sp500,ICE
sp500,IFF
sp500,IP
sp500,IPG
sp500,INTU
sp500,ISRG
sp500,IVZ
sp500,INVH
sp500,IQV
sp500,IRM
sp500,JBHT
sp500,JBL
sp500,JKHY
sp500,J
sp500,JNJ
sp500,JCI
sp500,JPM
sp500,JNPR
sp500,K
sp500,KVUE
sp500,KDP
sp500,KEY
sp500,KEYS
sp500,KMB
sp500,KIM
sp500,KMI
sp500,KKR
sp500,KLAC
sp500,KHC
sp500,KR
sp500,LHX
sp500,LH
sp500,LRCX
sp500,LW
sp500,LVS
sp500,LDOS
sp500,LEN
sp500,LII
sp500,LLY
sp500,LIN
sp500,LYV
sp500,LKQ
sp500,LMT
sp500,L
sp500,LOW
sp500,LULU
sp500,LYB
sp500,MTB
sp500,MPC
sp500,MKTX
sp500,MAR
sp500,MMC
sp500,MLM
sp500,MAS
sp500,MA
sp500,MTCH
sp500,MKC
sp500,MCD
sp500,MCK
sp500,MDT
sp500,MRK
sp500,META
sp500,MET
sp500,MTD
sp500,MGM
sp500,MCHP
sp500,MU
sp500,MSFT
sp500,MAA
sp500,MRNA
sp500,MHK
sp500,MOH
sp500,TAP
sp500,MDLZ
sp500,MPWR
sp500,MNST
sp500,MCO
sp500,MS
sp500,MOS
sp500,MSI
sp500,MSCI
sp500,NDAQ
sp500,NTAP
sp500,NFLX
sp500,NEM
sp500,NWSA
sp500,NWS
sp500,NEE
sp500,NKE
sp500,NI
sp500,NDSN
sp500,NSC
sp500,NTRS
sp500,NOC
sp500,NCLH
sp500,NRG
sp500,NUE
sp500,NVDA
sp500,NVR
sp500,NXPI
sp500,ORLY
sp500,OXY
sp500,ODFL
sp500,OMC
sp500,ON
sp500,OKE
sp500,ORCL
sp500,OTIS
sp500,PCAR
sp500,PKG
sp500,PLTR
sp500,PANW
sp500,PARA
sp500,PH
sp500,PAYX
sp500,PAYC
sp500,PYPL
sp500,PNR
sp500,PEP
sp500,PFE
sp500,PCG
sp500,PM
sp500,PSX
sp500,PNW
sp500,PNC
sp500,POOL
sp500,PPG
sp500,PPL
sp500,PFG
sp500,PG
sp500,PGR
sp500,PLD
sp500,PRU
sp500,PEG
sp500,PTC
sp500,PSA
sp500,PHM
sp500,PWR
sp500,QCOM
sp500,DGX
sp500,RL
sp500,RJF
sp500,RTX
sp500,O
sp500,REG
sp500,REGN
sp500,RF
sp500,RSG
sp500,RMD
sp500,RVTY
sp500,ROK
sp500,ROL
sp500,ROP
sp500,ROST
sp500,RCL
sp500,SPGI
sp500,CRM
sp500,SBAC
sp500,SLB
sp500,STX
sp500,SRE
sp500,NOW
sp500,SHW
sp500,SPG
sp500,SWKS
sp500,SJM
sp500,SW
sp500,SNA
sp500,SOLV
sp500,SO
sp500,LUV
sp500,SWK
sp500,SBUX
sp500,STT
sp500,STLD
sp500,STE
sp500,SYK
sp500,SMCI
sp500,SYF
sp500,SNPS
sp500,SYY
sp500,TMUS
sp500,TROW
sp500,TTWO
sp500,TPR
sp500,TRGP
sp500,TGT
sp500,TEL
sp500,TDY
sp500,TFX
sp500,TER
sp500,TSLA
sp500,TXN
sp500,TPL
sp500,TXT
sp500,TMO
sp500,TJX
sp500,TSCO
sp500,TT
sp500,TDG
sp500,TRV
sp500,TRMB
sp500,TFC
sp500,TYL
sp500,TSN
sp500,USB
sp500,UBER
sp500,UDR
sp500,ULTA
sp500,UNP
sp500,UAL
sp500,UPS
sp500,URI
sp500,UNH
sp500,UHS
sp500,VLO
sp500,VTR
sp500,VLTO
sp500,VRSN
sp500,VRSK
sp500,VZ
sp500,VRTX
sp500,VTRS
sp500,VICI
sp500,V
sp500,VST
sp500,VMC
sp500,WRB
sp500,GWW
sp500,WAB
sp500,WBA
sp500,WMT
sp500,DIS
sp500,WBD
sp500,WM
sp500,WAT
sp500,WEC
sp500,WFC
sp500,WELL
sp500,WST
sp500,WDC
sp500,WY
sp500,WMB
sp500,WTW
sp500,WDAY
sp500,WYNN
sp500,XEL
sp500,XYL
sp500,YUM
sp500,ZBRA
sp500,ZBH
sp500,ZTS
nasdaq,A
nasdaq,AA
nasdaq,AACG
nasdaq,AACT
nasdaq,AADI
nasdaq,AAL
nasdaq,AAM
nasdaq,AAME
nasdaq,AAMI
nasdaq,AAOI
nasdaq,AAON
nasdaq,AAP
nasdaq,AAPL
nasdaq,AAT
nasdaq,AB
nasdaq,ABAT
nasdaq,ABBV
nasdaq,ABCB
nasdaq,ABCL
nasdaq,ABEO
nasdaq,ABEV
nasdaq,ABG
nasdaq,ABL
nasdaq,ABLLL
nasdaq,ABLLW
nasdaq,ABLV
nasdaq,ABLVW
nasdaq,ABM
nasdaq,ABNB
nasdaq,ABOS
nasdaq,ABP
nasdaq,ABPWW
nasdaq,ABR
nasdaq,ABR^D
nasdaq,ABR^E
nasdaq,ABR^F
nasdaq,ABSI
nasdaq,ABT
nasdaq,ABTS
nasdaq,ABUS
nasdaq,ABVC
nasdaq,ABVE
nasdaq,ABVEW
nasdaq,ABVX
nasdaq,AC
nasdaq,ACA
nasdaq,ACAD
nasdaq,ACB
nasdaq,ACCD
nasdaq,ACCO
nasdaq,ACDC
nasdaq,ACEL
nasdaq,ACET
nasdaq,ACGL
nasdaq,ACGLN
nasdaq,ACGLO
nasdaq,ACHC
nasdaq,ACHL
nasdaq,ACHR
nasdaq,ACHV
nasdaq,ACI
nasdaq,ACIC
nasdaq,ACIU
nasdaq,ACIW
nasdaq,ACLS
nasdaq,ACLX
nasdaq,ACM
nasdaq,ACMR
nasdaq,ACN
nasdaq,ACNB
nasdaq,ACNT
nasdaq,ACOG
nasdaq,ACON
nasdaq,ACONW
nasdaq,ACP
nasdaq,ACP^A
nasdaq,ACR
nasdaq,ACR^C
nasdaq,ACR^D
nasdaq,ACRE
nasdaq,ACRS
nasdaq,ACRV
nasdaq,ACT
nasdaq,ACTG
nasdaq,ACTU
nasdaq,ACU
nasdaq,ACV
nasdaq,ACVA
nasdaq,ACXP
nasdaq,ADAG
nasdaq,ADAP
nasdaq,ADBE
nasdaq,ADC
nasdaq,ADC^A
nasdaq,ADCT
nasdaq,ADD
nasdaq,ADEA
nasdaq,ADGM
nasdaq,ADI
nasdaq,ADIL
nasdaq,ADM
nasdaq,ADMA
nasdaq,ADN
nasdaq,ADNT
nasdaq,ADNWW
nasdaq,ADP
nasdaq,ADPT
nasdaq,ADSE
nasdaq,ADSEW
nasdaq,ADSK
nasdaq,ADT
nasdaq,ADTN
nasdaq,ADTX
nasdaq,ADUR
nasdaq,ADUS
nasdaq,ADV
nasdaq,ADVM
nasdaq,ADVWW
nasdaq,ADX
nasdaq,ADXN
nasdaq,AE
nasdaq,AEE
nasdaq,AEF
nasdaq,AEFC
nasdaq,AEG
nasdaq,AEHL
nasdaq,AEHR
nasdaq,AEI
nasdaq,AEIS
nasdaq,AEM
nasdaq,AEMD
nasdaq,AENT
nasdaq,AENTW
nasdaq,AEO
nasdaq,AEON
nasdaq,AEP
nasdaq,AER
nasdaq,AERT
nasdaq,AERTW
nasdaq,AES
nasdaq,AESI
nasdaq,AEVA
nasdaq,AEYE
nasdaq,AFB
nasdaq,AFBI
nasdaq,AFCG
nasdaq,AFG
nasdaq,AFGB
nasdaq,AFGC
nasdaq,AFGD
nasdaq,AFGE
nasdaq,AFJK
nasdaq,AFL
nasdaq,AFMD
nasdaq,AFRI
nasdaq,AFRIW
nasdaq,AFRM
nasdaq,AFYA
nasdaq,AG
nasdaq,AGAE
nasdaq,AGCO
nasdaq,AGD
nasdaq,AGEN
nasdaq,AGFY
nasdaq,AGI
nasdaq,AGIO
nasdaq,AGL
nasdaq,AGM
nasdaq,AGM^D
nasdaq,AGM^E
nasdaq,AGM^F
nasdaq,AGM^G
nasdaq,AGMH
nasdaq,AGNC
nasdaq,AGNCL
nasdaq,AGNCM
nasdaq,AGNCN
nasdaq,AGNCO
nasdaq,AGNCP
nasdaq,AGO
nasdaq,AGRI
nasdaq,AGRO
nasdaq,AGS
nasdaq,AGX
nasdaq,AGYS
nasdaq,AHCO
nasdaq,AHG
nasdaq,AHH
nasdaq,AHH^A
nasdaq,AHL^D
nasdaq,AHL^E
nasdaq,AHL^F
nasdaq,AHR
nasdaq,AHT
nasdaq,AHT^D
nasdaq,AHT^F
nasdaq,AHT^G
nasdaq,AHT^H
nasdaq,AHT^I
nasdaq,AI
nasdaq,AIEV
nasdaq,AIFF
nasdaq,AIFU
nasdaq,AIG
nasdaq,AIHS
nasdaq,AIM
nasdaq,AIMAU
nasdaq,AIMAW
nasdaq,AIMD
nasdaq,AIMDW
nasdaq,AIN
nasdaq,AIO
nasdaq,AIOT
nasdaq,AIP
nasdaq,AIR
nasdaq,AIRE
nasdaq,AIRG
nasdaq,AIRI
nasdaq,AIRJ
nasdaq,AIRJW
nasdaq,AIRS
nasdaq,AIRT
nasdaq,AIRTP
nasdaq,AISP
nasdaq,AISPW
nasdaq,AIT
nasdaq,AITR
nasdaq,AITRR
nasdaq,AITRU
nasdaq,AIV
nasdaq,AIXI
nasdaq,AIZ
nasdaq,AIZN
nasdaq,AJG
nasdaq,AKA
nasdaq,AKAM
nasdaq,AKAN
nasdaq,AKBA
nasdaq,AKO/A
nasdaq,AKO/B
nasdaq,AKR
nasdaq,AKRO
nasdaq,AKTX
nasdaq,AKYA
nasdaq,AL
nasdaq,ALAB
nasdaq,ALAR
nasdaq,ALB
nasdaq,ALB^A
nasdaq,ALBT
nasdaq,ALC
nasdaq,ALCE
nasdaq,ALCO
nasdaq,ALCY
nasdaq,ALCYW
nasdaq,ALDF
nasdaq,ALDFU
nasdaq,ALDFW
nasdaq,ALDX
nasdaq,ALE
nasdaq,ALEC
nasdaq,ALEX
nasdaq,ALF
nasdaq,ALFUU
nasdaq,ALFUW
nasdaq,ALG
nasdaq,ALGM
nasdaq,ALGN
nasdaq,ALGS
nasdaq,ALGT
nasdaq,ALHC
nasdaq,ALIT
nasdaq,ALK
nasdaq,ALKS
nasdaq,ALKT
nasdaq,ALL
nasdaq,ALL^B
nasdaq,ALL^H
nasdaq,ALL^I
nasdaq,ALL^J
nasdaq,ALLE
nasdaq,ALLK
nasdaq,ALLO
nasdaq,ALLR
nasdaq,ALLT
nasdaq,ALLY
nasdaq,ALMS
nasdaq,ALNT
nasdaq,ALNY
nasdaq,ALOT
nasdaq,ALRM
nasdaq,ALRS
nasdaq,ALSN
nasdaq,ALT
nasdaq,ALTG
nasdaq,ALTG^A
nasdaq,ALTI
nasdaq,ALTM
nasdaq,ALTO
nasdaq,ALTR
nasdaq,ALTS
nasdaq,ALUR
nasdaq,ALV
nasdaq,ALVO
nasdaq,ALVOW
nasdaq,ALVR
nasdaq,ALX
nasdaq,ALXO
nasdaq,ALZN
nasdaq,AM
nasdaq,AMAL
nasdaq,AMAT
nasdaq,AMBA
nasdaq,AMBC
nasdaq,AMBI
nasdaq,AMBO
nasdaq,AMBP
nasdaq,AMC
nasdaq,AMCR
nasdaq,AMCX
nasdaq,AMD
nasdaq,AME
nasdaq,AMED
nasdaq,AMG
nasdaq,AMGN
nasdaq,AMH
nasdaq,AMH^G
nasdaq,AMH^H
nasdaq,AMIX
nasdaq,AMKR
nasdaq,AMLX
nasdaq,AMN
nasdaq,AMOD
nasdaq,AMODW
nasdaq,AMP
nasdaq,AMPG
nasdaq,AMPGW
nasdaq,AMPH
nasdaq,AMPL
nasdaq,AMPS
nasdaq,AMPX
nasdaq,AMPY
nasdaq,AMR
nasdaq,AMRC
nasdaq,AMRK
nasdaq,AMRN
nasdaq,AMRX
nasdaq,AMS
nasdaq,AMSC
nasdaq,AMSF
nasdaq,AMST
nasdaq,AMT
nasdaq,AMTB
nasdaq,AMTD
nasdaq,AMTM
nasdaq,AMTX
nasdaq,AMWD
nasdaq,AMWL
nasdaq,AMX
nasdaq,AMZN
nasdaq,AN
nasdaq,ANAB
nasdaq,ANDE
nasdaq,ANEB
nasdaq,ANET
nasdaq,ANF
nasdaq,ANG^A
nasdaq,ANG^B
nasdaq,ANG^D
nasdaq,ANGH
nasdaq,ANGHW
nasdaq,ANGI
nasdaq,ANGO
nasdaq,ANIK
nasdaq,ANIP
nasdaq,ANIX
nasdaq,ANL
nasdaq,ANNA
nasdaq,ANNAW
nasdaq,ANNX
nasdaq,ANRO
nasdaq,ANSC
nasdaq,ANSCU
nasdaq,ANSCW
nasdaq,ANSS
nasdaq,ANTE
nasdaq,ANTX
nasdaq,ANVS
nasdaq,ANY
nasdaq,AOD
nasdaq,AOMN
nasdaq,AOMR
nasdaq,AON
nasdaq,AORT
nasdaq,AOS
nasdaq,AOSL
nasdaq,AOUT
nasdaq,AP
nasdaq,APA
nasdaq,APAM
nasdaq,APCX
nasdaq,APCXW
nasdaq,APD
nasdaq,APDN
nasdaq,APEI
nasdaq,APG
nasdaq,APGE
nasdaq,APH
nasdaq,API
nasdaq,APLD
nasdaq,APLE
nasdaq,APLM
nasdaq,APLMW
nasdaq,APLS
nasdaq,APLT
nasdaq,APM
nasdaq,APO
nasdaq,APO^A
nasdaq,APOG
nasdaq,APOS
nasdaq,APP
nasdaq,APPF
nasdaq,APPN
nasdaq,APPS
nasdaq,APRE
nasdaq,APT
nasdaq,APTO
nasdaq,APTV
nasdaq,APVO
nasdaq,APWC
nasdaq,APYX
nasdaq,AQB
nasdaq,AQMS
nasdaq,AQN
nasdaq,AQNB
nasdaq,AQST
nasdaq,AQU
nasdaq,AQUNU
nasdaq,AR
nasdaq,ARAY
nasdaq,ARBB
nasdaq,ARBE
nasdaq,ARBEW
nasdaq,ARBK
nasdaq,ARBKL
nasdaq,ARCB
nasdaq,ARCC
nasdaq,ARCO
nasdaq,ARCT
nasdaq,ARDC
nasdaq,ARDT
nasdaq,ARDX
nasdaq,ARE
nasdaq,AREB
nasdaq,AREBW
nasdaq,AREC
nasdaq,AREN
nasdaq,ARES
nasdaq,ARES^B
nasdaq,ARGD
nasdaq,ARGO^A
nasdaq,ARGX
nasdaq,ARHS
nasdaq,ARI
nasdaq,ARIS
nasdaq,ARKO
nasdaq,ARKOW
nasdaq,ARKR
nasdaq,ARL
nasdaq,ARLO
nasdaq,ARLP
nasdaq,ARM
nasdaq,ARMK
nasdaq,ARMN
nasdaq,ARMP
nasdaq,AROC
nasdaq,AROW
nasdaq,ARQ
nasdaq,ARQQ
nasdaq,ARQQW
nasdaq,ARQT
nasdaq,ARR
nasdaq,ARR^C
nasdaq,ARRY
nasdaq,ARTL
nasdaq,ARTNA
nasdaq,ARTV
nasdaq,ARTW
nasdaq,ARVN
nasdaq,ARW
nasdaq,ARWR
nasdaq,AS
nasdaq,ASA
nasdaq,ASAN
nasdaq,ASB
nasdaq,ASB^E
nasdaq,ASB^F
nasdaq,ASBA
nasdaq,ASC
nasdaq,ASG
nasdaq,ASGI
nasdaq,ASGN
nasdaq,ASH
nasdaq,ASIX
nasdaq,ASLE
nasdaq,ASM
nasdaq,ASMB
nasdaq,ASML
nasdaq,ASND
nasdaq,ASNS
nasdaq,ASO
nasdaq,ASPC
nasdaq,ASPCR
nasdaq,ASPCU
nasdaq,ASPI
nasdaq,ASPN
nasdaq,ASPS
nasdaq,ASR
nasdaq,ASRT
nasdaq,ASRV
nasdaq,ASST
nasdaq,ASTC
nasdaq,ASTE
nasdaq,ASTH
nasdaq,ASTI
nasdaq,ASTL
nasdaq,ASTLW
nasdaq,ASTS
nasdaq,ASUR
nasdaq,ASX
nasdaq,ASYS
nasdaq,ATAI
nasdaq,ATAT
nasdaq,ATCH
nasdaq,ATCO^D
nasdaq,ATCO^H
nasdaq,ATCOL
nasdaq,ATEC
nasdaq,ATEN
nasdaq,ATER
nasdaq,ATEX
nasdaq,ATGE
nasdaq,ATGL
nasdaq,ATH^A
nasdaq,ATH^B
nasdaq,ATH^C
nasdaq,ATH^D
nasdaq,ATH^E
nasdaq,ATHA
nasdaq,ATHE
nasdaq,ATHM
nasdaq,ATHS
nasdaq,ATI
nasdaq,ATKR
nasdaq,ATLC
nasdaq,ATLCL
nasdaq,ATLCP
nasdaq,ATLCZ
nasdaq,ATLN
nasdaq,ATLO
nasdaq,ATLX
nasdaq,ATMC
nasdaq,ATMU
nasdaq,ATMV
nasdaq,ATMVR
nasdaq,ATNF
nasdaq,ATNFW
nasdaq,ATNI
nasdaq,ATNM
nasdaq,ATO
nasdaq,ATOM
nasdaq,ATOS
nasdaq,ATPC
nasdaq,ATR
nasdaq,ATRA
nasdaq,ATRC
nasdaq,ATRO
nasdaq,ATS
nasdaq,ATSG
nasdaq,ATUS
nasdaq,ATXG
nasdaq,ATXI
nasdaq,ATXS
nasdaq,ATYR
nasdaq,AU
nasdaq,AUB
nasdaq,AUB^A
nasdaq,AUBN
nasdaq,AUDC
nasdaq,AUID
nasdaq,AUNA
nasdaq,AUPH
nasdaq,AUR
nasdaq,AURA
nasdaq,AUROW
nasdaq,AUST
nasdaq,AUTL
nasdaq,AUUD
nasdaq,AUUDW
nasdaq,AVA
nasdaq,AVAH
nasdaq,AVAL
nasdaq,AVAV
nasdaq,AVB
nasdaq,AVBP
nasdaq,AVD
nasdaq,AVDL
nasdaq,AVDX
nasdaq,AVGO
nasdaq,AVGR
nasdaq,AVIR
nasdaq,AVK
nasdaq,AVNS
nasdaq,AVNT
nasdaq,AVNW
nasdaq,AVO
nasdaq,AVPT
nasdaq,AVPTW
nasdaq,AVR
nasdaq,AVT
nasdaq,AVTE
nasdaq,AVTR
nasdaq,AVTX
nasdaq,AVXL
nasdaq,AVY
nasdaq,AWF
nasdaq,AWH
nasdaq,AWI
nasdaq,AWK
nasdaq,AWP
nasdaq,AWR
nasdaq,AWRE
nasdaq,AWX
nasdaq,AX
nasdaq,AXDX
nasdaq,AXGN
nasdaq,AXIL
nasdaq,AXL
nasdaq,AXON
nasdaq,AXP
nasdaq,AXR
nasdaq,AXS
nasdaq,AXS^E
nasdaq,AXSM
nasdaq,AXTA
nasdaq,AXTI
nasdaq,AYI
nasdaq,AYRO
nasdaq,AYTU
nasdaq,AZ
nasdaq,AZEK
nasdaq,AZI
nasdaq,AZN
nasdaq,AZO
nasdaq,AZPN
nasdaq,AZTA
nasdaq,AZTR
nasdaq,AZUL
nasdaq,AZZ
nasdaq,B
nasdaq,BA
nasdaq,BA^A
nasdaq,BABA
nasdaq,BAC
nasdaq,BAC^B
nasdaq,BAC^E
nasdaq,BAC^K
nasdaq,BAC^L
nasdaq,BAC^M
nasdaq,BAC^N
nasdaq,BAC^O
nasdaq,BAC^P
nasdaq,BAC^Q
nasdaq,BAC^S
nasdaq,BACK
nasdaq,BACQ
nasdaq,BACQU
nasdaq,BAER
nasdaq,BAERW
nasdaq,BAFN
nasdaq,BAH
nasdaq,BAK
nasdaq,BALL
nasdaq,BALY
nasdaq,BAM
nasdaq,BANC
nasdaq,BANC^F
nasdaq,BAND
nasdaq,BANF
nasdaq,BANFP
nasdaq,BANL
nasdaq,BANR
nasdaq,BANX
nasdaq,BAOS
nasdaq,BAP
nasdaq,BARK
nasdaq,BASE
nasdaq,BATL
nasdaq,BATRA
nasdaq,BATRK
nasdaq,BAX
nasdaq,BAYAR
nasdaq,BB
nasdaq,BBAI
nasdaq,BBAR
nasdaq,BBCP
nasdaq,BBD
nasdaq,BBDC
nasdaq,BBDO
nasdaq,BBGI
nasdaq,BBIO
nasdaq,BBLG
nasdaq,BBLGW
nasdaq,BBN
nasdaq,BBSI
nasdaq,BBU
nasdaq,BBUC
nasdaq,BBVA
nasdaq,BBW
nasdaq,BBWI
nasdaq,BBY
nasdaq,BC
nasdaq,BC^A
nasdaq,BC^C
nasdaq,BCAB
nasdaq,BCAL
nasdaq,BCAN
nasdaq,BCAT
nasdaq,BCAX
nasdaq,BCBP
nasdaq,BCC
nasdaq,BCDA
nasdaq,BCE
nasdaq,BCG
nasdaq,BCGWW
nasdaq,BCH
nasdaq,BCLI
nasdaq,BCML
nasdaq,BCO
nasdaq,BCOV
nasdaq,BCOW
nasdaq,BCPC
nasdaq,BCRX
nasdaq,BCS
nasdaq,BCSF
nasdaq,BCTX
nasdaq,BCTXW
nasdaq,BCV
nasdaq,BCV^A
nasdaq,BCX
nasdaq,BCYC
nasdaq,BDC
nasdaq,BDJ
nasdaq,BDL
nasdaq,BDMD
nasdaq,BDMDW
nasdaq,BDN
nasdaq,BDRX
nasdaq,BDSX
nasdaq,BDTX
nasdaq,BDX
nasdaq,BE
nasdaq,BEAG
nasdaq,BEAGR
nasdaq,BEAGU
nasdaq,BEAM
nasdaq,BEAT
nasdaq,BEATW
nasdaq,BECN
nasdaq,BEDU
nasdaq,BEEM
nasdaq,BEEP
nasdaq,BEKE
nasdaq,BELFA
nasdaq,BELFB
nasdaq,BEN
nasdaq,BENF
nasdaq,BENFW
nasdaq,BEP
nasdaq,BEP^A
nasdaq,BEPC
nasdaq,BEPH
nasdaq,BEPI
nasdaq,BEPJ
nasdaq,BERY
nasdaq,BEST
nasdaq,BETR
nasdaq,BF/A
nasdaq,BF/B
nasdaq,BFAM
nasdaq,BFC
nasdaq,BFH
nasdaq,BFIN
nasdaq,BFK
nasdaq,BFLY
nasdaq,BFRG
nasdaq,BFRGW
nasdaq,BFRI
nasdaq,BFRIW
nasdaq,BFS
nasdaq,BFS^D
nasdaq,BFS^E
nasdaq,BFST
nasdaq,BFZ
nasdaq,BG
nasdaq,BGB
nasdaq,BGC
nasdaq,BGFV
nasdaq,BGH
nasdaq,BGI
nasdaq,BGLC
nasdaq,BGM
nasdaq,BGR
nasdaq,BGS
nasdaq,BGSF
nasdaq,BGT
nasdaq,BGX
nasdaq,BGY
nasdaq,BH
nasdaq,BHAT
nasdaq,BHB
nasdaq,BHC
nasdaq,BHE
nasdaq,BHF
nasdaq,BHFAL
nasdaq,BHFAM
nasdaq,BHFAN
nasdaq,BHFAO
nasdaq,BHFAP
nasdaq,BHIL
nasdaq,BHK
nasdaq,BHLB
nasdaq,BHM
nasdaq,BHP
nasdaq,BHR
nasdaq,BHR^B
nasdaq,BHR^D
nasdaq,BHRB
nasdaq,BHST
nasdaq,BHV
nasdaq,BHVN
nasdaq,BIAF
nasdaq,BIAFW
nasdaq,BIDU
nasdaq,BIGC
nasdaq,BIGZ
nasdaq,BIIB
nasdaq,BILI
nasdaq,BILL
nasdaq,BIO
nasdaq,BIO/B
nasdaq,BIOA
nasdaq,BIOX
nasdaq,BIP
nasdaq,BIP^A
nasdaq,BIP^B
nasdaq,BIPC
nasdaq,BIPH
nasdaq,BIPI
nasdaq,BIPJ
nasdaq,BIRD
nasdaq,BIRK
nasdaq,BIT
nasdaq,BITF
nasdaq,BIVI
nasdaq,BJ
nasdaq,BJDX
nasdaq,BJRI
nasdaq,BK
nasdaq,BKD
nasdaq,BKDT
nasdaq,BKE
nasdaq,BKH
nasdaq,BKHA
nasdaq,BKHAR
nasdaq,BKKT
nasdaq,BKN
nasdaq,BKNG
nasdaq,BKR
nasdaq,BKSY
nasdaq,BKT
nasdaq,BKTI
nasdaq,BKU
nasdaq,BKV
nasdaq,BKYI
nasdaq,BL
nasdaq,BLAC
nasdaq,BLACR
nasdaq,BLACW
nasdaq,BLBD
nasdaq,BLBX
nasdaq,BLCO
nasdaq,BLD
nasdaq,BLDE
nasdaq,BLDEW
nasdaq,BLDP
nasdaq,BLDR
nasdaq,BLE
nasdaq,BLFS
nasdaq,BLFY
nasdaq,BLIN
nasdaq,BLK
nasdaq,BLKB
nasdaq,BLMN
nasdaq,BLMZ
nasdaq,BLND
nasdaq,BLNK
nasdaq,BLRX
nasdaq,BLTE
nasdaq,BLUE
nasdaq,BLW
nasdaq,BLX
nasdaq,BLZE
nasdaq,BMA
nasdaq,BMBL
nasdaq,BME
nasdaq,BMEA
nasdaq,BMEZ
nasdaq,BMI
nasdaq,BML^G
nasdaq,BML^H
nasdaq,BML^J
nasdaq,BML^L
nasdaq,BMN
nasdaq,BMO
nasdaq,BMR
nasdaq,BMRA
nasdaq,BMRC
nasdaq,BMRN
nasdaq,BMTX
nasdaq,BMY
nasdaq,BN
nasdaq,BNAI
nasdaq,BNAIW
nasdaq,BNED
nasdaq,BNGO
nasdaq,BNH
nasdaq,BNIX
nasdaq,BNIXR
nasdaq,BNIXW
nasdaq,BNJ
nasdaq,BNL
nasdaq,BNR
nasdaq,BNRG
nasdaq,BNS
nasdaq,BNT
nasdaq,BNTC
nasdaq,BNTX
nasdaq,BNY
nasdaq,BNZI
nasdaq,BNZIW
nasdaq,BOC
nasdaq,BODI
nasdaq,BOE
nasdaq,BOF
nasdaq,BOH
nasdaq,BOH^A
nasdaq,BOH^B
nasdaq,BOKF
nasdaq,BOLD
nasdaq,BOLT
nasdaq,BON
nasdaq,BOOM
nasdaq,BOOT
nasdaq,BORR
nasdaq,BOSC
nasdaq,BOTJ
nasdaq,BOW
nasdaq,BOWN
nasdaq,BOWNR
nasdaq,BOWNU
nasdaq,BOX
nasdaq,BOXL
nasdaq,BP
nasdaq,BPMC
nasdaq,BPOP
nasdaq,BPOPM
nasdaq,BPRN
nasdaq,BPT
nasdaq,BPTH
nasdaq,BPYPM
nasdaq,BPYPN
nasdaq,BPYPO
nasdaq,BPYPP
nasdaq,BQ
nasdaq,BR
nasdaq,BRAC
nasdaq,BRACU
nasdaq,BRAG
nasdaq,BRBR
nasdaq,BRBS
nasdaq,BRC
nasdaq,BRCC
nasdaq,BRDG
nasdaq,BREA
nasdaq,BRFH
nasdaq,BRFS
nasdaq,BRIA
nasdaq,BRID
nasdaq,BRK/A
nasdaq,BRK/B
nasdaq,BRKL
nasdaq,BRKR
nasdaq,BRLS
nasdaq,BRLSW
nasdaq,BRLT
nasdaq,BRN
nasdaq,BRNS
nasdaq,BRO
nasdaq,BROG
nasdaq,BROS
nasdaq,BRSP
nasdaq,BRT
nasdaq,BRTX
nasdaq,BRW
nasdaq,BRX
nasdaq,BRY
nasdaq,BRZE
nasdaq,BSAC
nasdaq,BSBK
nasdaq,BSBR
nasdaq,BSET
nasdaq,BSGM
nasdaq,BSII
nasdaq,BSIIW
nasdaq,BSL
nasdaq,BSLK
nasdaq,BSLKW
nasdaq,BSM
nasdaq,BSRR
nasdaq,BST
nasdaq,BSTZ
nasdaq,BSVN
nasdaq,BSX
nasdaq,BSY
nasdaq,BTA
nasdaq,BTAI
nasdaq,BTBD
nasdaq,BTBT
nasdaq,BTCM
nasdaq,BTCS
nasdaq,BTCT
nasdaq,BTCTW
nasdaq,BTDR
nasdaq,BTE
nasdaq,BTG
nasdaq,BTI
nasdaq,BTM
nasdaq,BTMD
nasdaq,BTMWW
nasdaq,BTO
nasdaq,BTOC
nasdaq,BTOG
nasdaq,BTSG
nasdaq,BTSGU
nasdaq,BTT
nasdaq,BTTR
nasdaq,BTU
nasdaq,BTZ
nasdaq,BUD
nasdaq,BUI
nasdaq,BUJA
nasdaq,BUR
nasdaq,BURL
nasdaq,BURU
nasdaq,BUSE
nasdaq,BV
nasdaq,BVFL
nasdaq,BVN
nasdaq,BVS
nasdaq,BW
nasdaq,BW^A
nasdaq,BWA
nasdaq,BWAY
nasdaq,BWB
nasdaq,BWBBP
nasdaq,BWEN
nasdaq,BWFG
nasdaq,BWG
nasdaq,BWIN
nasdaq,BWLP
nasdaq,BWMN
nasdaq,BWMX
nasdaq,BWNB
nasdaq,BWSN
nasdaq,BWXT
nasdaq,BX
nasdaq,BXC
nasdaq,BXMT
nasdaq,BXMX
nasdaq,BXP
nasdaq,BXSL
nasdaq,BY
nasdaq,BYD
nasdaq,BYFC
nasdaq,BYM
nasdaq,BYND
nasdaq,BYNO
nasdaq,BYNOW
nasdaq,BYON
nasdaq,BYRN
nasdaq,BYSI
nasdaq,BZ
nasdaq,BZAI
nasdaq,BZAIW
nasdaq,BZFD
nasdaq,BZFDW
nasdaq,BZH
nasdaq,BZUN
nasdaq,C
nasdaq,C^N
nasdaq,CAAP
nasdaq,CAAS
nasdaq,CABA
nasdaq,CABO
nasdaq,CAC
nasdaq,CACC
nasdaq,CACI
nasdaq,CADE
nasdaq,CADE^A
nasdaq,CADL
nasdaq,CAE
nasdaq,CAF
nasdaq,CAG
nasdaq,CAH
nasdaq,CAKE
nasdaq,CAL
nasdaq,CALC
nasdaq,CALM
nasdaq,CALX
nasdaq,CAMP
nasdaq,CAMT
nasdaq,CAN
nasdaq,CANF
nasdaq,CANG
nasdaq,CAPL
nasdaq,CAPN
nasdaq,CAPR
nasdaq,CAPT
nasdaq,CAPTW
nasdaq,CAR
nasdaq,CARA
nasdaq,CARE
nasdaq,CARG
nasdaq,CARM
nasdaq,CARR
nasdaq,CARS
nasdaq,CART
nasdaq,CARV
nasdaq,CASH
nasdaq,CASI
nasdaq,CASK
nasdaq,CASS
nasdaq,CASY
nasdaq,CAT
nasdaq,CATO
nasdaq,CATX
nasdaq,CATY
nasdaq,CAVA
nasdaq,CB
nasdaq,CBAN
nasdaq,CBAT
nasdaq,CBFV
nasdaq,CBL
nasdaq,CBLL
nasdaq,CBNA
nasdaq,CBNK
nasdaq,CBOE
nasdaq,CBRE
nasdaq,CBRL
nasdaq,CBSH
nasdaq,CBT
nasdaq,CBU
nasdaq,CBUS
nasdaq,CBZ
nasdaq,CC
nasdaq,CCAP
nasdaq,CCB
nasdaq,CCBG
nasdaq,CCCC
nasdaq,CCCS
nasdaq,CCD
nasdaq,CCEC
nasdaq,CCEL
nasdaq,CCEP
nasdaq,CCG
nasdaq,CCGWW
nasdaq,CCI
nasdaq,CCIA
nasdaq,CCIF
nasdaq,CCIR
nasdaq,CCIRU
nasdaq,CCIRW
nasdaq,CCIX
nasdaq,CCIXW
nasdaq,CCJ
nasdaq,CCK
nasdaq,CCL
nasdaq,CCLD
nasdaq,CCLDO
nasdaq,CCLDP
nasdaq,CCM
nasdaq,CCNE
nasdaq,CCNEP
nasdaq,CCO
nasdaq,CCOI
nasdaq,CCRD
nasdaq,CCRN
nasdaq,CCS
nasdaq,CCSI
nasdaq,CCTG
nasdaq,CCU
nasdaq,CCZ
nasdaq,CDE
nasdaq,CDIO
nasdaq,CDIOW
nasdaq,CDLR
nasdaq,CDLX
nasdaq,CDMO
nasdaq,CDNA
nasdaq,CDNS
nasdaq,CDP
nasdaq,CDR^B
nasdaq,CDR^C
nasdaq,CDRE
nasdaq,CDRO
nasdaq,CDROW
nasdaq,CDT
nasdaq,CDTG
nasdaq,CDTTW
nasdaq,CDTX
nasdaq,CDW
nasdaq,CDXC
nasdaq,CDXS
nasdaq,CDZI
nasdaq,CDZIP
nasdaq,CE
nasdaq,CEAD
nasdaq,CEADW
nasdaq,CECO
nasdaq,CEE
nasdaq,CEG
nasdaq,CELC
nasdaq,CELH
nasdaq,CELU
nasdaq,CELUW
nasdaq,CELZ
nasdaq,CENN
nasdaq,CENT
nasdaq,CENTA
nasdaq,CENX
nasdaq,CEP
nasdaq,CEPO
nasdaq,CEPU
nasdaq,CERO
nasdaq,CEROW
nasdaq,CERS
nasdaq,CERT
nasdaq,CET
nasdaq,CETX
nasdaq,CETY
nasdaq,CEV
nasdaq,CEVA
nasdaq,CF
nasdaq,CFB
nasdaq,CFBK
nasdaq,CFFI
nasdaq,CFFN
nasdaq,CFG
nasdaq,CFG^E
nasdaq,CFG^H
nasdaq,CFLT
nasdaq,CFR
nasdaq,CFR^B
nasdaq,CFSB
nasdaq,CG
nasdaq,CGABL
nasdaq,CGAU
nasdaq,CGBD
nasdaq,CGBDL
nasdaq,CGBS
nasdaq,CGBSW
nasdaq,CGC
nasdaq,CGEM
nasdaq,CGEN
nasdaq,CGNT
nasdaq,CGNX
nasdaq,CGO
nasdaq,CGON
nasdaq,CGTL
nasdaq,CGTX
nasdaq,CHAR
nasdaq,CHARU
nasdaq,CHCI
nasdaq,CHCO
nasdaq,CHCT
nasdaq,CHD
nasdaq,CHDN
nasdaq,CHE
nasdaq,CHEB
nasdaq,CHEF
nasdaq,CHEK
nasdaq,CHGG
nasdaq,CHH
nasdaq,CHI
nasdaq,CHKP
nasdaq,CHMG
nasdaq,CHMI
nasdaq,CHMI^A
nasdaq,CHMI^B
nasdaq,CHN
nasdaq,CHNR
nasdaq,CHPT
nasdaq,CHR
nasdaq,CHRD
nasdaq,CHRO
nasdaq,CHRS
nasdaq,CHRW
nasdaq,CHSCL
nasdaq,CHSCM
nasdaq,CHSCN
nasdaq,CHSCO
nasdaq,CHSCP
nasdaq,CHSN
nasdaq,CHT
nasdaq,CHTR
nasdaq,CHW
nasdaq,CHWY
nasdaq,CHX
nasdaq,CHY
nasdaq,CI
nasdaq,CIA
nasdaq,CIB
nasdaq,CICB
nasdaq,CIEN
nasdaq,CIF
nasdaq,CIFR
nasdaq,CIFRW
nasdaq,CIG
nasdaq,CIGI
nasdaq,CII
nasdaq,CIK
nasdaq,CIM
nasdaq,CIM^A
nasdaq,CIM^B
nasdaq,CIM^C
nasdaq,CIM^D
nasdaq,CIMN
nasdaq,CIMO
nasdaq,CINF
nasdaq,CING
nasdaq,CINGW
nasdaq,CINT
nasdaq,CIO
nasdaq,CIO^A
nasdaq,CION
nasdaq,CISO
nasdaq,CISS
nasdaq,CIVB
nasdaq,CIVI
nasdaq,CIX
nasdaq,CJET
nasdaq,CJJD
nasdaq,CKPT
nasdaq,CKX
nasdaq,CL
nasdaq,CLAR
nasdaq,CLB
nasdaq,CLBK
nasdaq,CLBR
nasdaq,CLBT
nasdaq,CLCO
nasdaq,CLDI
nasdaq,CLDT
nasdaq,CLDT^A
nasdaq,CLDX
nasdaq,CLEU
nasdaq,CLF
nasdaq,CLFD
nasdaq,CLGN
nasdaq,CLH
nasdaq,CLIK
nasdaq,CLIR
nasdaq,CLLS
nasdaq,CLM
nasdaq,CLMB
nasdaq,CLMT
nasdaq,CLNE
nasdaq,CLNN
nasdaq,CLNNW
nasdaq,CLOV
nasdaq,CLPR
nasdaq,CLPS
nasdaq,CLPT
nasdaq,CLRB
nasdaq,CLRC
nasdaq,CLRO
nasdaq,CLS
nasdaq,CLSD
nasdaq,CLSK
nasdaq,CLSKW
nasdaq,CLST
nasdaq,CLVT
nasdaq,CLW
nasdaq,CLWT
nasdaq,CLX
nasdaq,CLYM
nasdaq,CM
nasdaq,CMA
nasdaq,CMBM
nasdaq,CMBT
nasdaq,CMC
nasdaq,CMCL
nasdaq,CMCM
nasdaq,CMCO
nasdaq,CMCSA
nasdaq,CMCT
nasdaq,CME
nasdaq,CMG
nasdaq,CMI
nasdaq,CMLS
nasdaq,CMMB
nasdaq,CMND
nasdaq,CMP
nasdaq,CMPO
nasdaq,CMPOW
nasdaq,CMPR
nasdaq,CMPS
nasdaq,CMPX
nasdaq,CMRE
nasdaq,CMRE^B
nasdaq,CMRE^C
nasdaq,CMRE^D
nasdaq,CMRX
nasdaq,CMS
nasdaq,CMS^B
nasdaq,CMS^C
nasdaq,CMSA
nasdaq,CMSC
nasdaq,CMSD
nasdaq,CMT
nasdaq,CMTG
nasdaq,CMTL
nasdaq,CMU
nasdaq,CNA
nasdaq,CNC
nasdaq,CNCK
nasdaq,CNCKW
nasdaq,CNDT
nasdaq,CNET
nasdaq,CNEY
nasdaq,CNF
nasdaq,CNFR
nasdaq,CNH
nasdaq,CNI
nasdaq,CNK
nasdaq,CNL
nasdaq,CNM
nasdaq,CNMD
nasdaq,CNNE
nasdaq,CNO
nasdaq,CNO^A
nasdaq,CNOB
nasdaq,CNOBP
nasdaq,CNP
nasdaq,CNQ
nasdaq,CNR
nasdaq,CNS
nasdaq,CNSP
nasdaq,CNTA
nasdaq,CNTB
nasdaq,CNTM
nasdaq,CNTX
nasdaq,CNTY
nasdaq,CNVS
nasdaq,CNX
nasdaq,CNXC
nasdaq,CNXN
nasdaq,COCH
nasdaq,COCHW
nasdaq,COCO
nasdaq,COCP
nasdaq,CODA
nasdaq,CODI
nasdaq,CODI^A
nasdaq,CODI^B
nasdaq,CODI^C
nasdaq,CODX
nasdaq,COE
nasdaq,COEP
nasdaq,COEPW
nasdaq,COF
nasdaq,COF^I
nasdaq,COF^J
nasdaq,COF^K
nasdaq,COF^L
nasdaq,COF^N
nasdaq,COFS
nasdaq,COGT
nasdaq,COHN
nasdaq,COHR
nasdaq,COHU
nasdaq,COIN
nasdaq,COKE
nasdaq,COLB
nasdaq,COLD
nasdaq,COLL
nasdaq,COLM
nasdaq,COMM
nasdaq,COMP
nasdaq,CON
nasdaq,COO
nasdaq,COOK
nasdaq,COOP
nasdaq,COOT
nasdaq,COOTW
nasdaq,COP
nasdaq,COR
nasdaq,CORT
nasdaq,CORZ
nasdaq,CORZW
nasdaq,CORZZ
nasdaq,COSM
nasdaq,COST
nasdaq,COTY
nasdaq,COUR
nasdaq,COYA
nasdaq,CP
nasdaq,CPA
nasdaq,CPAC
nasdaq,CPAY
nasdaq,CPB
nasdaq,CPBI
nasdaq,CPF
nasdaq,CPHC
nasdaq,CPHI
nasdaq,CPIX
nasdaq,CPK
nasdaq,CPNG
nasdaq,CPOP
nasdaq,CPRI
nasdaq,CPRT
nasdaq,CPRX
nasdaq,CPS
nasdaq,CPSH
nasdaq,CPSS
nasdaq,CPT
nasdaq,CPZ
nasdaq,CQP
nasdaq,CR
nasdaq,CRAI
nasdaq,CRBD
nasdaq,CRBG
nasdaq,CRBP
nasdaq,CRBU
nasdaq,CRC
nasdaq,CRCT
nasdaq,CRD/A
nasdaq,CRD/B
nasdaq,CRDF
nasdaq,CRDL
nasdaq,CRDO
nasdaq,CREG
nasdaq,CRESW
nasdaq,CRESY
nasdaq,CREV
nasdaq,CREVW
nasdaq,CREX
nasdaq,CRF
nasdaq,CRGO
nasdaq,CRGOW
nasdaq,CRGX
nasdaq,CRGY
nasdaq,CRH
nasdaq,CRI
nasdaq,CRIS
nasdaq,CRK
nasdaq,CRKN
nasdaq,CRL
nasdaq,CRM
nasdaq,CRMD
nasdaq,CRML
nasdaq,CRMLW
nasdaq,CRMT
nasdaq,CRNC
nasdaq,CRNT
nasdaq,CRNX
nasdaq,CRON
nasdaq,CROX
nasdaq,CRS
nasdaq,CRSP
nasdaq,CRSR
nasdaq,CRT
nasdaq,CRTO
nasdaq,CRUS
nasdaq,CRVL
nasdaq,CRVO
nasdaq,CRVS
nasdaq,CRWD
nasdaq,CRWS
nasdaq,CSAN
nasdaq,CSBR
nasdaq,CSCI
nasdaq,CSCO
nasdaq,CSGP
nasdaq,CSGS
nasdaq,CSIQ
nasdaq,CSL
nasdaq,CSLR
nasdaq,CSLRW
nasdaq,CSPI
nasdaq,CSQ
nasdaq,CSR
nasdaq,CSTE
nasdaq,CSTL
nasdaq,CSTM
nasdaq,CSV
nasdaq,CSWC
nasdaq,CSWCZ
nasdaq,CSWI
nasdaq,CSX
nasdaq,CTA^A
nasdaq,CTA^B
nasdaq,CTAS
nasdaq,CTBB
nasdaq,CTBI
nasdaq,CTCX
nasdaq,CTCXW
nasdaq,CTDD
nasdaq,CTGO
nasdaq,CTHR
nasdaq,CTKB
nasdaq,CTLP
nasdaq,CTM
nasdaq,CTMX
nasdaq,CTNM
nasdaq,CTNT
nasdaq,CTO
nasdaq,CTO^A
nasdaq,CTOR
nasdaq,CTOS
nasdaq,CTRA
nasdaq,CTRE
nasdaq,CTRI
nasdaq,CTRM
nasdaq,CTRN
nasdaq,CTS
nasdaq,CTSH
nasdaq,CTSO
nasdaq,CTV
nasdaq,CTVA
nasdaq,CTXR
nasdaq,CUB
nasdaq,CUBA
nasdaq,CUBB
nasdaq,CUBE
nasdaq,CUBI
nasdaq,CUBI^E
nasdaq,CUBI^F
nasdaq,CUBWU
nasdaq,CUBWW
nasdaq,CUE
nasdaq,CUK
nasdaq,CULP
nasdaq,CURB
nasdaq,CURI
nasdaq,CURIW
nasdaq,CURR
nasdaq,CURV
nasdaq,CUTR
nasdaq,CUZ
nasdaq,CVAC
nasdaq,CVBF
nasdaq,CVCO
nasdaq,CVE
nasdaq,CVEO
nasdaq,CVGI
nasdaq,CVGW
nasdaq,CVI
nasdaq,CVKD
nasdaq,CVLG
nasdaq,CVLT
nasdaq,CVM
nasdaq,CVNA
nasdaq,CVR
nasdaq,CVRX
nasdaq,CVS
nasdaq,CVU
nasdaq,CVV
nasdaq,CVX
nasdaq,CW
nasdaq,CWAN
nasdaq,CWBC
nasdaq,CWCO
nasdaq,CWD
nasdaq,CWEN
nasdaq,CWH
nasdaq,CWK
nasdaq,CWST
nasdaq,CWT
nasdaq,CX
nasdaq,CXAI
nasdaq,CXAIW
nasdaq,CXDO
nasdaq,CXE
nasdaq,CXH
nasdaq,CXM
nasdaq,CXT
nasdaq,CXW
nasdaq,CYBN
nasdaq,CYBR
nasdaq,CYCC
nasdaq,CYCCP
nasdaq,CYCN
nasdaq,CYD
nasdaq,CYH
nasdaq,CYN
nasdaq,CYRX
nasdaq,CYTH
nasdaq,CYTHW
nasdaq,CYTK
nasdaq,CZFS
nasdaq,CZNC
nasdaq,CZR
nasdaq,CZWI
nasdaq,D
nasdaq,DAC
nasdaq,DADA
nasdaq,DAIO
nasdaq,DAKT
nasdaq,DAL
nasdaq,DALN
nasdaq,DAN
nasdaq,DAO
nasdaq,DAR
nasdaq,DARE
nasdaq,DASH
nasdaq,DATS
nasdaq,DATSW
nasdaq,DAVA
nasdaq,DAVE
nasdaq,DAVEW
nasdaq,DAWN
nasdaq,DAY
nasdaq,DB
nasdaq,DBD
nasdaq,DBI
nasdaq,DBL
nasdaq,DBRG
nasdaq,DBRG^H
nasdaq,DBRG^I
nasdaq,DBRG^J
nasdaq,DBVT
nasdaq,DBX
nasdaq,DC
nasdaq,DCBO
nasdaq,DCGO
nasdaq,DCI
nasdaq,DCO
nasdaq,DCOM
nasdaq,DCOMG
nasdaq,DCOMP
nasdaq,DCTH
nasdaq,DD
nasdaq,DDC
nasdaq,DDD
nasdaq,DDI
nasdaq,DDL
nasdaq,DDOG
nasdaq,DDS
nasdaq,DDT
nasdaq,DE
nasdaq,DEA
nasdaq,DEC
nasdaq,DECA
nasdaq,DECAW
nasdaq,DECK
nasdaq,DEI
nasdaq,DELL
nasdaq,DENN
nasdaq,DEO
nasdaq,DERM
nasdaq,DESP
nasdaq,DEVS
nasdaq,DFH
nasdaq,DFIN
nasdaq,DFLI
nasdaq,DFLIW
nasdaq,DFP
nasdaq,DFS
nasdaq,DG
nasdaq,DGHI
nasdaq,DGICA
nasdaq,DGICB
nasdaq,DGII
nasdaq,DGLY
nasdaq,DGX
nasdaq,DH
nasdaq,DHAI
nasdaq,DHAIW
nasdaq,DHC
nasdaq,DHCNI
nasdaq,DHCNL
nasdaq,DHF
nasdaq,DHI
nasdaq,DHIL
nasdaq,DHR
nasdaq,DHT
nasdaq,DHX
nasdaq,DHY
nasdaq,DIAX
nasdaq,DIBS
nasdaq,DIN
nasdaq,DINO
nasdaq,DIOD
nasdaq,DIS
nasdaq,DIST
nasdaq,DISTW
nasdaq,DIT
nasdaq,DJCO
nasdaq,DJT
nasdaq,DJTWW
nasdaq,DK
nasdaq,DKL
nasdaq,DKNG
nasdaq,DKS
nasdaq,DLB
nasdaq,DLHC
nasdaq,DLNG
nasdaq,DLNG^A
nasdaq,DLNG^B
nasdaq,DLO
nasdaq,DLPN
nasdaq,DLR
nasdaq,DLR^J
nasdaq,DLR^K
nasdaq,DLR^L
nasdaq,DLTH
nasdaq,DLTR
nasdaq,DLX
nasdaq,DLY
nasdaq,DM
nasdaq,DMA
nasdaq,DMAC
nasdaq,DMB
nasdaq,DMF
nasdaq,DMLP
nasdaq,DMN
nasdaq,DMO
nasdaq,DMRC
nasdaq,DMYY
nasdaq,DNA
nasdaq,DNB
nasdaq,DNLI
nasdaq,DNN
nasdaq,DNOW
nasdaq,DNP
nasdaq,DNTH
nasdaq,DNUT
nasdaq,DOC
nasdaq,DOCN
nasdaq,DOCS
nasdaq,DOCU
nasdaq,DOGZ
nasdaq,DOLE
nasdaq,DOMH
nasdaq,DOMO
nasdaq,DOOO
nasdaq,DORM
nasdaq,DOUG
nasdaq,DOV
nasdaq,DOW
nasdaq,DOX
nasdaq,DOYU
nasdaq,DPG
nasdaq,DPRO
nasdaq,DPZ
nasdaq,DQ
nasdaq,DRCT
nasdaq,DRD
nasdaq,DRDBU
nasdaq,DRH
nasdaq,DRH^A
nasdaq,DRI
nasdaq,DRIO
nasdaq,DRMA
nasdaq,DRMAW
nasdaq,DRRX
nasdaq,DRS
nasdaq,DRTS
nasdaq,DRTSW
nasdaq,DRUG
nasdaq,DRVN
nasdaq,DSGN
nasdaq,DSGR
nasdaq,DSGX
nasdaq,DSL
nasdaq,DSM
nasdaq,DSP
nasdaq,DSS
nasdaq,DSU
nasdaq,DSWL
nasdaq,DSX
nasdaq,DSX^B
nasdaq,DSY
nasdaq,DSYWW
nasdaq,DT
nasdaq,DTB
nasdaq,DTC
nasdaq,DTCK
nasdaq,DTE
nasdaq,DTF
nasdaq,DTG
nasdaq,DTI
nasdaq,DTIL
nasdaq,DTM
nasdaq,DTSQ
nasdaq,DTSS
nasdaq,DTST
nasdaq,DTSTW
nasdaq,DTW
nasdaq,DUK
nasdaq,DUK^A
nasdaq,DUKB
nasdaq,DUO
nasdaq,DUOL
nasdaq,DUOT
nasdaq,DV
nasdaq,DVA
nasdaq,DVAX
nasdaq,DVN
nasdaq,DWSN
nasdaq,DWTX
nasdaq,DX
nasdaq,DX^C
nasdaq,DXC
nasdaq,DXCM
nasdaq,DXLG
nasdaq,DXPE
nasdaq,DXR
nasdaq,DXYZ
nasdaq,DY
nasdaq,DYAI
nasdaq,DYCQ
nasdaq,DYN
nasdaq,DYNX
nasdaq,DYNXU
nasdaq,DYNXW
nasdaq,E
nasdaq,EA
nasdaq,EAD
nasdaq,EAF
nasdaq,EAI
nasdaq,EARN
nasdaq,EAST
nasdaq,EAT
nasdaq,EB
nasdaq,EBAY
nasdaq,EBC
nasdaq,EBF
nasdaq,EBMT
nasdaq,EBON
nasdaq,EBR
nasdaq,EBS
nasdaq,EBTC
nasdaq,EC
nasdaq,ECAT
nasdaq,ECBK
nasdaq,ECC           
nasdaq,ECC^D
nasdaq,ECCC
nasdaq,ECCF
nasdaq,ECCU
nasdaq,ECCV
nasdaq,ECCW
nasdaq,ECCX
nasdaq,ECDA
nasdaq,ECF
nasdaq,ECF^A
nasdaq,ECG
nasdaq,ECL
nasdaq,ECO
nasdaq,ECOR
nasdaq,ECPG
nasdaq,ECVT
nasdaq,ECX
nasdaq,ECXWW
nasdaq,ED
nasdaq,EDAP
nasdaq,EDBL
nasdaq,EDBLW
nasdaq,EDD
nasdaq,EDF
nasdaq,EDIT
nasdaq,EDN
nasdaq,EDR
nasdaq,EDRY
nasdaq,EDSA
nasdaq,EDTK
nasdaq,EDU
nasdaq,EDUC
nasdaq,EE
nasdaq,EEA
nasdaq,EEFT
nasdaq,EEIQ
nasdaq,EEX
nasdaq,EFC
nasdaq,EFC^A
nasdaq,EFC^B
nasdaq,EFC^C
nasdaq,EFC^D
nasdaq,EFOI
nasdaq,EFR
nasdaq,EFSC
nasdaq,EFSCP
nasdaq,EFSH
nasdaq,EFT
nasdaq,EFX
nasdaq,EFXT
nasdaq,EG
nasdaq,EGAN
nasdaq,EGBN
nasdaq,EGF
nasdaq,EGY
nasdaq,EH
nasdaq,EHAB
nasdaq,EHC
nasdaq,EHGO
nasdaq,EHI
nasdaq,EHTH
nasdaq,EIC
nasdaq,EICA
nasdaq,EICB
nasdaq,EICC
nasdaq,EIG
nasdaq,EIIA
nasdaq,EIM
nasdaq,EIX
nasdaq,EJH
nasdaq,EKSO
nasdaq,EL
nasdaq,ELA
nasdaq,ELAB
nasdaq,ELAN
nasdaq,ELBM
nasdaq,ELC
nasdaq,ELDN
nasdaq,ELEV
nasdaq,ELF
nasdaq,ELLO
nasdaq,ELMD
nasdaq,ELME
nasdaq,ELP
nasdaq,ELPC
nasdaq,ELPW
nasdaq,ELS
nasdaq,ELSE
nasdaq,ELTK
nasdaq,ELTX
nasdaq,ELUT
nasdaq,ELV
nasdaq,ELVA
nasdaq,ELVN
nasdaq,ELWS
nasdaq,EM
nasdaq,EMBC
nasdaq,EMCG
nasdaq,EMCGR
nasdaq,EMCGW
nasdaq,EMD
nasdaq,EME
nasdaq,EMF
nasdaq,EMKR
nasdaq,EML
nasdaq,EMN
nasdaq,EMO
nasdaq,EMP
nasdaq,EMR
nasdaq,EMX
nasdaq,ENB
nasdaq,ENFN
nasdaq,ENFY
nasdaq,ENGN
nasdaq,ENGNW
nasdaq,ENIC
nasdaq,ENJ
nasdaq,ENLC
nasdaq,ENLT
nasdaq,ENLV
nasdaq,ENO
nasdaq,ENOV
nasdaq,ENPH
nasdaq,ENR
nasdaq,ENS
nasdaq,ENSC
nasdaq,ENSG
nasdaq,ENTA
nasdaq,ENTG
nasdaq,ENTO
nasdaq,ENTX
nasdaq,ENVA
nasdaq,ENVB
nasdaq,ENVX
nasdaq,ENX
nasdaq,ENZ
nasdaq,EOD
nasdaq,EOG
nasdaq,EOI
nasdaq,EOLS
nasdaq,EONR
nasdaq,EOS
nasdaq,EOSE
nasdaq,EOSEW
nasdaq,EOT
nasdaq,EP
nasdaq,EP^C
nasdaq,EPAC
nasdaq,EPAM
nasdaq,EPC
nasdaq,EPD
nasdaq,EPIX
nasdaq,EPM
nasdaq,EPOW
nasdaq,EPR
nasdaq,EPR^C
nasdaq,EPR^E
nasdaq,EPR^G
nasdaq,EPRT
nasdaq,EPRX
nasdaq,EPSN
nasdaq,EQ
nasdaq,EQBK
nasdaq,EQC
nasdaq,EQH
nasdaq,EQH^A
nasdaq,EQH^C
nasdaq,EQIX
nasdaq,EQNR
nasdaq,EQR
nasdaq,EQS
nasdaq,EQT
nasdaq,EQV
nasdaq,EQX
nasdaq,ERAS
nasdaq,ERC
nasdaq,ERH
nasdaq,ERIC
nasdaq,ERIE
nasdaq,ERII
nasdaq,ERJ
nasdaq,ERNA
nasdaq,ERO
nasdaq,ES
nasdaq,ESAB
nasdaq,ESCA
nasdaq,ESE
nasdaq,ESEA
nasdaq,ESGL
nasdaq,ESGLW
nasdaq,ESGR
nasdaq,ESGRO
nasdaq,ESGRP
nasdaq,ESHAR
nasdaq,ESI
nasdaq,ESLA
nasdaq,ESLT
nasdaq,ESNT
nasdaq,ESOA
nasdaq,ESP
nasdaq,ESPR
nasdaq,ESQ
nasdaq,ESRT
nasdaq,ESS
nasdaq,ESSA
nasdaq,ESTA
nasdaq,ESTC
nasdaq,ET
nasdaq,ET^I
nasdaq,ETB
nasdaq,ETD
nasdaq,ETG
nasdaq,ETI^
nasdaq,ETJ
nasdaq,ETN
nasdaq,ETNB
nasdaq,ETO
nasdaq,ETON
nasdaq,ETR
nasdaq,ETSY
nasdaq,ETV
nasdaq,ETW
nasdaq,ETWO
nasdaq,ETX           
nasdaq,ETY
nasdaq,EU
nasdaq,EUDA
nasdaq,EUDAW
nasdaq,EURKU
nasdaq,EVAX
nasdaq,EVBN
nasdaq,EVC
nasdaq,EVCM
nasdaq,EVER
nasdaq,EVEX
nasdaq,EVF
nasdaq,EVG
nasdaq,EVGN
nasdaq,EVGO
nasdaq,EVGOW
nasdaq,EVGR
nasdaq,EVGRU
nasdaq,EVH
nasdaq,EVI
nasdaq,EVLV
nasdaq,EVLVW
nasdaq,EVM
nasdaq,EVN
nasdaq,EVO
nasdaq,EVOK
nasdaq,EVR
nasdaq,EVRG
nasdaq,EVRI
nasdaq,EVT
nasdaq,EVTC
nasdaq,EVTL
nasdaq,EVTV
nasdaq,EVV
nasdaq,EW
nasdaq,EWBC
nasdaq,EWCZ
nasdaq,EWTX
nasdaq,EXAS
nasdaq,EXC
nasdaq,EXE
nasdaq,EXEEL
nasdaq,EXEEW
nasdaq,EXEEZ
nasdaq,EXEL
nasdaq,EXFY
nasdaq,EXG
nasdaq,EXK
nasdaq,EXLS
nasdaq,EXOD
nasdaq,EXP
nasdaq,EXPD
nasdaq,EXPE
nasdaq,EXPI
nasdaq,EXPO
nasdaq,EXR
nasdaq,EXTR
nasdaq,EYE
nasdaq,EYEN
nasdaq,EYPT
nasdaq,EZFL
nasdaq,EZGO
nasdaq,EZPW
nasdaq,F
nasdaq,F^B
nasdaq,F^C
nasdaq,F^D
nasdaq,FA
nasdaq,FAAS
nasdaq,FAASW
nasdaq,FACT
nasdaq,FACTU
nasdaq,FAF
nasdaq,FAMI
nasdaq,FANG
nasdaq,FARM
nasdaq,FARO
nasdaq,FAST
nasdaq,FAT
nasdaq,FATBB
nasdaq,FATBP
nasdaq,FATBW
nasdaq,FATE
nasdaq,FAX
nasdaq,FBIN
nasdaq,FBIO
nasdaq,FBIOP
nasdaq,FBIZ
nasdaq,FBK
nasdaq,FBLA
nasdaq,FBLG
nasdaq,FBMS
nasdaq,FBNC
nasdaq,FBP
nasdaq,FBRT
nasdaq,FBRT^E
nasdaq,FBRX
nasdaq,FBYD
nasdaq,FBYDW
nasdaq,FC
nasdaq,FCAP
nasdaq,FCBC
nasdaq,FCCO
nasdaq,FCEL
nasdaq,FCF
nasdaq,FCFS
nasdaq,FCN
nasdaq,FCNCA
nasdaq,FCNCO
nasdaq,FCNCP
nasdaq,FCO
nasdaq,FCPT
nasdaq,FCRX
nasdaq,FCT
nasdaq,FCUV
nasdaq,FCX
nasdaq,FDBC
nasdaq,FDMT
nasdaq,FDP
nasdaq,FDS
nasdaq,FDSB
nasdaq,FDUS
nasdaq,FDX
nasdaq,FE
nasdaq,FEAM
nasdaq,FEBO
nasdaq,FEDU
nasdaq,FEIM
nasdaq,FELE
nasdaq,FEMY
nasdaq,FENC
nasdaq,FENG
nasdaq,FER
nasdaq,FERG
nasdaq,FET
nasdaq,FF
nasdaq,FFA
nasdaq,FFBC
nasdaq,FFC
nasdaq,FFIC
nasdaq,FFIE
nasdaq,FFIEW
nasdaq,FFIN
nasdaq,FFIV
nasdaq,FFNW
nasdaq,FFWM
nasdaq,FG
nasdaq,FGB
nasdaq,FGBI
nasdaq,FGBIP
nasdaq,FGEN
nasdaq,FGF
nasdaq,FGFPP
nasdaq,FGI
nasdaq,FGL
nasdaq,FGN
nasdaq,FGSN
nasdaq,FHB
nasdaq,FHI
nasdaq,FHN
nasdaq,FHN^B
nasdaq,FHN^C
nasdaq,FHN^E
nasdaq,FHN^F
nasdaq,FHTX
nasdaq,FI
nasdaq,FIBK
nasdaq,FICO
nasdaq,FIGS
nasdaq,FIHL
nasdaq,FINS
nasdaq,FINV
nasdaq,FINW
nasdaq,FIP
nasdaq,FIS
nasdaq,FISI
nasdaq,FITB
nasdaq,FITBI
nasdaq,FITBO
nasdaq,FITBP
nasdaq,FIVE
nasdaq,FIVN
nasdaq,FIX
nasdaq,FIZZ
nasdaq,FKWL
nasdaq,FL
nasdaq,FLC
nasdaq,FLEX
nasdaq,FLG
nasdaq,FLG^A
nasdaq,FLG^U
nasdaq,FLGC
nasdaq,FLGT
nasdaq,FLIC
nasdaq,FLL
nasdaq,FLNC
nasdaq,FLNG
nasdaq,FLNT
nasdaq,FLO
nasdaq,FLOC
nasdaq,FLR
nasdaq,FLS
nasdaq,FLUT
nasdaq,FLUX
nasdaq,FLWS
nasdaq,FLX
nasdaq,FLXS
nasdaq,FLYE
nasdaq,FLYW
nasdaq,FLYX
nasdaq,FMAO
nasdaq,FMBH
nasdaq,FMC
nasdaq,FMN
nasdaq,FMNB
nasdaq,FMS
nasdaq,FMST
nasdaq,FMX
nasdaq,FMY
nasdaq,FN
nasdaq,FNA
nasdaq,FNB
nasdaq,FND
nasdaq,FNF
nasdaq,FNGR
nasdaq,FNKO
nasdaq,FNLC
nasdaq,FNV
nasdaq,FNWB
nasdaq,FNWD
nasdaq,FOA
nasdaq,FOF
nasdaq,FOLD
nasdaq,FONR
nasdaq,FOR
nasdaq,FORA
nasdaq,FORD
nasdaq,FORL
nasdaq,FORLW
nasdaq,FORM
nasdaq,FORR
nasdaq,FORTY
nasdaq,FOSL
nasdaq,FOSLL
nasdaq,FOUR
nasdaq,FOX
nasdaq,FOXA
nasdaq,FOXF
nasdaq,FOXO
nasdaq,FOXX
nasdaq,FOXXW
nasdaq,FPAY
nasdaq,FPF
nasdaq,FPH
nasdaq,FPI
nasdaq,FR
nasdaq,FRA
nasdaq,FRAF
nasdaq,FRBA
nasdaq,FRD
nasdaq,FREY
nasdaq,FRGE
nasdaq,FRGT
nasdaq,FRHC
nasdaq,FRME
nasdaq,FRMEP
nasdaq,FRO
nasdaq,FROG
nasdaq,FRPH
nasdaq,FRPT
nasdaq,FRSH
nasdaq,FRST
nasdaq,FRSX
nasdaq,FRT
nasdaq,FRT^C
nasdaq,FSBC
nasdaq,FSBW
nasdaq,FSCO
nasdaq,FSEA
nasdaq,FSFG
nasdaq,FSHP
nasdaq,FSI
nasdaq,FSK
nasdaq,FSLR
nasdaq,FSLY
nasdaq,FSM
nasdaq,FSP
nasdaq,FSS
nasdaq,FSTR
nasdaq,FSUN
nasdaq,FSV
nasdaq,FT
nasdaq,FTAI
nasdaq,FTAIM
nasdaq,FTAIN
nasdaq,FTAIO
nasdaq,FTCI
nasdaq,FTDR
nasdaq,FTEK
nasdaq,FTEL
nasdaq,FTF
nasdaq,FTFT
nasdaq,FTHM
nasdaq,FTHY
nasdaq,FTI
nasdaq,FTII
nasdaq,FTK
nasdaq,FTLF
nasdaq,FTNT
nasdaq,FTRE
nasdaq,FTS
nasdaq,FTV
nasdaq,FUBO
nasdaq,FUFU
nasdaq,FUFUW
nasdaq,FUL
nasdaq,FULC
nasdaq,FULT
nasdaq,FULTP
nasdaq,FUN
nasdaq,FUNC
nasdaq,FUND
nasdaq,FURY
nasdaq,FUSB
nasdaq,FUTU
nasdaq,FVCB
nasdaq,FVN
nasdaq,FVNNR
nasdaq,FVNNU
nasdaq,FVR
nasdaq,FVRR
nasdaq,FWONA
nasdaq,FWONK
nasdaq,FWRD
nasdaq,FWRG
nasdaq,FXNC
nasdaq,FYBR
nasdaq,G
nasdaq,GAB
nasdaq,GAB^G
nasdaq,GAB^H
nasdaq,GAB^K
nasdaq,GABC
nasdaq,GAIA
nasdaq,GAIN
nasdaq,GAINI
nasdaq,GAINL
nasdaq,GAINN
nasdaq,GAINZ
nasdaq,GALT
nasdaq,GAM
nasdaq,GAM^B
nasdaq,GAMB
nasdaq,GAME
nasdaq,GAN
nasdaq,GANX
nasdaq,GAP
nasdaq,GASS
nasdaq,GATE
nasdaq,GATX
nasdaq,GAU
nasdaq,GAUZ
nasdaq,GB
nasdaq,GBAB
nasdaq,GBBK
nasdaq,GBBKR
nasdaq,GBBKW
nasdaq,GBCI
nasdaq,GBDC
nasdaq,GBIO
nasdaq,GBLI
nasdaq,GBR
nasdaq,GBTG
nasdaq,GBX
nasdaq,GCBC
nasdaq,GCI
nasdaq,GCMG
nasdaq,GCMGW
nasdaq,GCO
nasdaq,GCT
nasdaq,GCTK
nasdaq,GCTS
nasdaq,GCV
nasdaq,GD
nasdaq,GDC
nasdaq,GDDY
nasdaq,GDEN
nasdaq,GDEV
nasdaq,GDEVW
nasdaq,GDHG
nasdaq,GDL
nasdaq,GDL^C
nasdaq,GDO
nasdaq,GDOT
nasdaq,GDRX
nasdaq,GDS
nasdaq,GDST
nasdaq,GDSTR
nasdaq,GDSTW
nasdaq,GDTC
nasdaq,GDV
nasdaq,GDV^H
nasdaq,GDV^K
nasdaq,GDYN
nasdaq,GE
nasdaq,GECC
nasdaq,GECCH
nasdaq,GECCI
nasdaq,GECCO
nasdaq,GECCZ
nasdaq,GEF
nasdaq,GEG
nasdaq,GEGGL
nasdaq,GEHC
nasdaq,GEL
nasdaq,GELS
nasdaq,GEN
nasdaq,GENC
nasdaq,GENI
nasdaq,GENK
nasdaq,GEO
nasdaq,GEOS
nasdaq,GERN
nasdaq,GES
nasdaq,GETY
nasdaq,GEV
nasdaq,GEVO
nasdaq,GF
nasdaq,GFAI
nasdaq,GFAIW
nasdaq,GFF
nasdaq,GFI
nasdaq,GFL
nasdaq,GFR
nasdaq,GFS
nasdaq,GGAL
nasdaq,GGB
nasdaq,GGG
nasdaq,GGN
nasdaq,GGN^B
nasdaq,GGR
nasdaq,GGROW
nasdaq,GGT
nasdaq,GGT^E
nasdaq,GGT^G
nasdaq,GGZ
nasdaq,GH
nasdaq,GHC
nasdaq,GHG
nasdaq,GHI
nasdaq,GHLD
nasdaq,GHM
nasdaq,GHRS
nasdaq,GHY
nasdaq,GIB
nasdaq,GIC
nasdaq,GIFI
nasdaq,GIFT
nasdaq,GIG
nasdaq,GIGGW
nasdaq,GIGM
nasdaq,GIII
nasdaq,GIL
nasdaq,GILD
nasdaq,GILT
nasdaq,GIPR
nasdaq,GIPRW
nasdaq,GIS
nasdaq,GITS
nasdaq,GJH
nasdaq,GJO
nasdaq,GJP
nasdaq,GJR
nasdaq,GJS
nasdaq,GJT
nasdaq,GKOS
nasdaq,GL
nasdaq,GL^D
nasdaq,GLAC
nasdaq,GLAD
nasdaq,GLADZ
nasdaq,GLBE
nasdaq,GLBS
nasdaq,GLBZ
nasdaq,GLDD
nasdaq,GLDG
nasdaq,GLE
nasdaq,GLMD
nasdaq,GLNG
nasdaq,GLO
nasdaq,GLOB
nasdaq,GLOP^A
nasdaq,GLOP^B
nasdaq,GLOP^C
nasdaq,GLP
nasdaq,GLP^B
nasdaq,GLPG
nasdaq,GLPI
nasdaq,GLQ
nasdaq,GLRE
nasdaq,GLSI
nasdaq,GLST
nasdaq,GLSTR
nasdaq,GLSTU
nasdaq,GLSTW
nasdaq,GLTO
nasdaq,GLU
nasdaq,GLU^A
nasdaq,GLU^B
nasdaq,GLUE
nasdaq,GLV
nasdaq,GLW
nasdaq,GLXG
nasdaq,GLYC
nasdaq,GM
nasdaq,GMAB
nasdaq,GME
nasdaq,GMED
nasdaq,GMGI
nasdaq,GMM
nasdaq,GMRE
nasdaq,GMRE^A
nasdaq,GMS
nasdaq,GNE
nasdaq,GNFT
nasdaq,GNK
nasdaq,GNL
nasdaq,GNL^A
nasdaq,GNL^B
nasdaq,GNL^D
nasdaq,GNL^E
nasdaq,GNLN
nasdaq,GNLX
nasdaq,GNPX
nasdaq,GNRC
nasdaq,GNS
nasdaq,GNSS
nasdaq,GNT
nasdaq,GNT^A
nasdaq,GNTA
nasdaq,GNTX
nasdaq,GNTY
nasdaq,GNW
nasdaq,GO
nasdaq,GOCO
nasdaq,GODN
nasdaq,GODNR
nasdaq,GODNU
nasdaq,GOEV
nasdaq,GOEVW
nasdaq,GOF
nasdaq,GOGL
nasdaq,GOGO
nasdaq,GOLD
nasdaq,GOLF
nasdaq,GOOD
nasdaq,GOODN
nasdaq,GOODO
nasdaq,GOOG
nasdaq,GOOGL
nasdaq,GOOS
nasdaq,GORO
nasdaq,GORV
nasdaq,GOSS
nasdaq,GOTU
nasdaq,GOVX
nasdaq,GOVXW
nasdaq,GP
nasdaq,GPAT
nasdaq,GPATU
nasdaq,GPATW
nasdaq,GPC
nasdaq,GPCR
nasdaq,GPI
nasdaq,GPJA
nasdaq,GPK
nasdaq,GPMT
nasdaq,GPMT^A
nasdaq,GPN
nasdaq,GPOR
nasdaq,GPRE
nasdaq,GPRK
nasdaq,GPRO
nasdaq,GPUS
nasdaq,GPUS^D
nasdaq,GRAB
nasdaq,GRABW
nasdaq,GRAF
nasdaq,GRAL
nasdaq,GRBK
nasdaq,GRBK^A
nasdaq,GRC
nasdaq,GRCE
nasdaq,GRDN
nasdaq,GREE
nasdaq,GREEL
nasdaq,GRF
nasdaq,GRFS
nasdaq,GRFX
nasdaq,GRI
nasdaq,GRMN
nasdaq,GRND
nasdaq,GRNQ
nasdaq,GRNT
nasdaq,GRO
nasdaq,GROV
nasdaq,GROW
nasdaq,GROY
nasdaq,GRPN
nasdaq,GRRR
nasdaq,GRRRW
nasdaq,GRVY
nasdaq,GRWG
nasdaq,GRX
nasdaq,GRYP
nasdaq,GS
nasdaq,GS^A
nasdaq,GS^C
nasdaq,GS^D
nasdaq,GSAT
nasdaq,GSBC
nasdaq,GSBD
nasdaq,GSHD
nasdaq,GSIT
nasdaq,GSIW
nasdaq,GSK
nasdaq,GSL
nasdaq,GSL^B
nasdaq,GSM
nasdaq,GSRT
nasdaq,GSRTR
nasdaq,GSRTU
nasdaq,GSUN
nasdaq,GT
nasdaq,GTBP
nasdaq,GTE
nasdaq,GTEC
nasdaq,GTES
nasdaq,GTI
nasdaq,GTIM
nasdaq,GTLB
nasdaq,GTLS
nasdaq,GTLS^B
nasdaq,GTN
nasdaq,GTX
nasdaq,GTY
nasdaq,GUG
nasdaq,GURE
nasdaq,GUT
nasdaq,GUT^C
nasdaq,GUTS
nasdaq,GV
nasdaq,GVA
nasdaq,GVH
nasdaq,GWAV
nasdaq,GWH
nasdaq,GWRE
nasdaq,GWRS
nasdaq,GWW
nasdaq,GXAI
nasdaq,GXO
nasdaq,GYRE
nasdaq,GYRO
nasdaq,H
nasdaq,HAE
nasdaq,HAFC
nasdaq,HAFN
nasdaq,HAIN
nasdaq,HAL
nasdaq,HALO
nasdaq,HAO
nasdaq,HAS
nasdaq,HASI
nasdaq,HAYW
nasdaq,HBAN
nasdaq,HBANL
nasdaq,HBANM
nasdaq,HBANP
nasdaq,HBB
nasdaq,HBCP
nasdaq,HBI
nasdaq,HBIO
nasdaq,HBM
nasdaq,HBNC
nasdaq,HBT
nasdaq,HCA
nasdaq,HCAT
nasdaq,HCC
nasdaq,HCI
nasdaq,HCKT
nasdaq,HCM
nasdaq,HCP
nasdaq,HCSG
nasdaq,HCTI
nasdaq,HCVI
nasdaq,HCWB
nasdaq,HCWC
nasdaq,HCXY
nasdaq,HD
nasdaq,HDB
nasdaq,HDL
nasdaq,HDSN
nasdaq,HE
nasdaq,HEES
nasdaq,HEI
nasdaq,HEI/A
nasdaq,HELE
nasdaq,HEPA
nasdaq,HEPS
nasdaq,HEQ
nasdaq,HES
nasdaq,HESM
nasdaq,HFBL
nasdaq,HFFG
nasdaq,HFRO
nasdaq,HFRO^A
nasdaq,HFWA
nasdaq,HG
nasdaq,HGBL
nasdaq,HGLB
nasdaq,HGTY
nasdaq,HGV
nasdaq,HHH
nasdaq,HHS
nasdaq,HI
nasdaq,HIFS
nasdaq,HIG
nasdaq,HIG^G
nasdaq,HIHO
nasdaq,HII
nasdaq,HIMS
nasdaq,HIMX
nasdaq,HIO
nasdaq,HIPO
nasdaq,HIT
nasdaq,HITI
nasdaq,HIVE
nasdaq,HIW
nasdaq,HIX
nasdaq,HKD
nasdaq,HKIT
nasdaq,HKPD
nasdaq,HL
nasdaq,HL^B
nasdaq,HLF
nasdaq,HLI
nasdaq,HLIO
nasdaq,HLIT
nasdaq,HLLY
nasdaq,HLMN
nasdaq,HLN
nasdaq,HLNE
nasdaq,HLP
nasdaq,HLT
nasdaq,HLVX
nasdaq,HLX
nasdaq,HMC
nasdaq,HMN
nasdaq,HMST
nasdaq,HMY
nasdaq,HNI
nasdaq,HNNA
nasdaq,HNNAZ
nasdaq,HNRG
nasdaq,HNST
nasdaq,HNVR
nasdaq,HNW
nasdaq,HOFT
nasdaq,HOFV
nasdaq,HOFVW
nasdaq,HOG
nasdaq,HOLO
nasdaq,HOLOW
nasdaq,HOLX
nasdaq,HOMB
nasdaq,HON
nasdaq,HOND
nasdaq,HONDU
nasdaq,HONDW
nasdaq,HONE
nasdaq,HOOD
nasdaq,HOOK
nasdaq,HOPE
nasdaq,HOTH
nasdaq,HOUR
nasdaq,HOUS
nasdaq,HOV
nasdaq,HOVNP
nasdaq,HOVR
nasdaq,HOVRW
nasdaq,HOWL
nasdaq,HP
nasdaq,HPAI
nasdaq,HPAIW
nasdaq,HPE
nasdaq,HPE^C
nasdaq,HPF
nasdaq,HPH
nasdaq,HPI
nasdaq,HPK
nasdaq,HPKEW
nasdaq,HPP
nasdaq,HPP^C
nasdaq,HPQ
nasdaq,HPS
nasdaq,HQH
nasdaq,HQI
nasdaq,HQL
nasdaq,HQY
nasdaq,HR
nasdaq,HRB
nasdaq,HRI
nasdaq,HRL
nasdaq,HRMY
nasdaq,HROW
nasdaq,HROWL
nasdaq,HROWM
nasdaq,HRTG
nasdaq,HRTX
nasdaq,HRZN
nasdaq,HSAI
nasdaq,HSBC
nasdaq,HSCS
nasdaq,HSCSW
nasdaq,HSDT
nasdaq,HSHP
nasdaq,HSIC
nasdaq,HSII
nasdaq,HSON
nasdaq,HSPO
nasdaq,HSPOR
nasdaq,HSPOW
nasdaq,HSPTU
nasdaq,HST
nasdaq,HSTM
nasdaq,HSY
nasdaq,HTBI
nasdaq,HTBK
nasdaq,HTCO
nasdaq,HTCR
nasdaq,HTD
nasdaq,HTFC
nasdaq,HTGC
nasdaq,HTH
nasdaq,HTHT
nasdaq,HTLD
nasdaq,HTLF
nasdaq,HTLFP
nasdaq,HTLM
nasdaq,HTOO
nasdaq,HTOOW
nasdaq,HTZ
nasdaq,HTZWW
nasdaq,HUBB
nasdaq,HUBC
nasdaq,HUBCW
nasdaq,HUBCZ
nasdaq,HUBG
nasdaq,HUBS
nasdaq,HUDI
nasdaq,HUHU
nasdaq,HUIZ
nasdaq,HUM
nasdaq,HUMA
nasdaq,HUMAW
nasdaq,HUN
nasdaq,HURA
nasdaq,HURC
nasdaq,HURN
nasdaq,HUSA
nasdaq,HUT
nasdaq,HUYA
nasdaq,HVIIU
nasdaq,HVT
nasdaq,HVT/A
nasdaq,HWBK
nasdaq,HWC
nasdaq,HWCPZ
nasdaq,HWH
nasdaq,HWKN
nasdaq,HWM
nasdaq,HWM^
nasdaq,HXL
nasdaq,HY
nasdaq,HYAC
nasdaq,HYB
nasdaq,HYFM
nasdaq,HYI
nasdaq,HYLN
nasdaq,HYMC
nasdaq,HYMCL
nasdaq,HYMCW
nasdaq,HYPR
nasdaq,HYT
nasdaq,HYZN
nasdaq,HYZNW
nasdaq,HZO
nasdaq,IAC
nasdaq,IAE
nasdaq,IAF
nasdaq,IAG
nasdaq,IART
nasdaq,IAS
nasdaq,IAUX
nasdaq,IBAC
nasdaq,IBACR
nasdaq,IBCP
nasdaq,IBEX
nasdaq,IBG
nasdaq,IBIO
nasdaq,IBKR
nasdaq,IBM
nasdaq,IBN
nasdaq,IBO
nasdaq,IBOC
nasdaq,IBP
nasdaq,IBRX
nasdaq,IBTA
nasdaq,ICAD
nasdaq,ICCC
nasdaq,ICCH
nasdaq,ICCM
nasdaq,ICCT
nasdaq,ICE
nasdaq,ICFI
nasdaq,ICG
nasdaq,ICHR
nasdaq,ICL
nasdaq,ICLK
nasdaq,ICLR
nasdaq,ICMB
nasdaq,ICON
nasdaq,ICR^A
nasdaq,ICU
nasdaq,ICUCW
nasdaq,ICUI
nasdaq,IDA
nasdaq,IDAI
nasdaq,IDCC
nasdaq,IDE
nasdaq,IDN
nasdaq,IDR
nasdaq,IDT
nasdaq,IDXX
nasdaq,IDYA
nasdaq,IE
nasdaq,IEP
nasdaq,IESC
nasdaq,IEX
nasdaq,IFBD
nasdaq,IFF
nasdaq,IFN
nasdaq,IFRX
nasdaq,IFS
nasdaq,IGA
nasdaq,IGC
nasdaq,IGD
nasdaq,IGI
nasdaq,IGIC
nasdaq,IGMS
nasdaq,IGR
nasdaq,IGT
nasdaq,IH
nasdaq,IHD
nasdaq,IHG
nasdaq,IHRT
nasdaq,IHS
nasdaq,IHT
nasdaq,IIF
nasdaq,III
nasdaq,IIIN
nasdaq,IIIV
nasdaq,IIM
nasdaq,IINN
nasdaq,IINNW
nasdaq,IIPR
nasdaq,IIPR^A
nasdaq,IKNA
nasdaq,IKT
nasdaq,ILAG
nasdaq,ILLR
nasdaq,ILLRW
nasdaq,ILMN
nasdaq,ILPT
nasdaq,IMAB
nasdaq,IMAX
nasdaq,IMCC
nasdaq,IMCR
nasdaq,IMG
nasdaq,IMKTA
nasdaq,IMMP
nasdaq,IMMR
nasdaq,IMMX
nasdaq,IMNM
nasdaq,IMNN
nasdaq,IMO
nasdaq,IMOS
nasdaq,IMPP
nasdaq,IMPPP
nasdaq,IMRN
nasdaq,IMRX
nasdaq,IMTE
nasdaq,IMTX
nasdaq,IMTXW
nasdaq,IMUX
nasdaq,IMVT
nasdaq,IMXI
nasdaq,INAB
nasdaq,INBK
nasdaq,INBKZ
nasdaq,INBS
nasdaq,INBX
nasdaq,INCR
nasdaq,INCY
nasdaq,INDB
nasdaq,INDI
nasdaq,INDO
nasdaq,INDP
nasdaq,INDV
nasdaq,INFA
nasdaq,INFN
nasdaq,INFU
nasdaq,INFY
nasdaq,ING
nasdaq,INGM
nasdaq,INGN
nasdaq,INGR
nasdaq,INHD
nasdaq,INKT
nasdaq,INLF
nasdaq,INLX
nasdaq,INM
nasdaq,INMB
nasdaq,INMD
nasdaq,INN
nasdaq,INN^E
nasdaq,INN^F
nasdaq,INNV
nasdaq,INO
nasdaq,INOD
nasdaq,INSE
nasdaq,INSG
nasdaq,INSI
nasdaq,INSM
nasdaq,INSP
nasdaq,INSW
nasdaq,INTA
nasdaq,INTC
nasdaq,INTG
nasdaq,INTJ
nasdaq,INTR
nasdaq,INTS
nasdaq,INTT
nasdaq,INTU
nasdaq,INTZ
nasdaq,INUV
nasdaq,INV
nasdaq,INVA
nasdaq,INVE
nasdaq,INVH
nasdaq,INVX
nasdaq,INVZ
nasdaq,INVZW
nasdaq,INZY
nasdaq,IOBT
nasdaq,IONQ
nasdaq,IONR
nasdaq,IONS
nasdaq,IOR
nasdaq,IOSP
nasdaq,IOT
nasdaq,IOVA
nasdaq,IP
nasdaq,IPA
nasdaq,IPAR
nasdaq,IPDN
nasdaq,IPG
nasdaq,IPGP
nasdaq,IPHA
nasdaq,IPI
nasdaq,IPM
nasdaq,IPSC
nasdaq,IPW
nasdaq,IPWR
nasdaq,IPX
nasdaq,IPXX
nasdaq,IPXXW
nasdaq,IQ
nasdaq,IQI
nasdaq,IQV
nasdaq,IR
nasdaq,IRBT
nasdaq,IRD
nasdaq,IRDM
nasdaq,IREN
nasdaq,IRIX
nasdaq,IRM
nasdaq,IRMD
nasdaq,IROH
nasdaq,IROHU
nasdaq,IROHW
nasdaq,IRON
nasdaq,IROQ
nasdaq,IRS
nasdaq,IRT
nasdaq,IRTC
nasdaq,IRWD
nasdaq,ISD
nasdaq,ISDR
nasdaq,ISPC
nasdaq,ISPO
nasdaq,ISPOW
nasdaq,ISPR
nasdaq,ISRG
nasdaq,ISRL
nasdaq,ISRLW
nasdaq,ISSC
nasdaq,ISTR
nasdaq,IT
nasdaq,ITCI
nasdaq,ITGR
nasdaq,ITIC
nasdaq,ITOS
nasdaq,ITP
nasdaq,ITRG
nasdaq,ITRI
nasdaq,ITRM
nasdaq,ITRN
nasdaq,ITT
nasdaq,ITUB
nasdaq,ITW
nasdaq,IVA
nasdaq,IVAC
nasdaq,IVCA
nasdaq,IVCAW
nasdaq,IVDA
nasdaq,IVDAW
nasdaq,IVP
nasdaq,IVR
nasdaq,IVR^C
nasdaq,IVT
nasdaq,IVVD
nasdaq,IVZ
nasdaq,IX
nasdaq,IXHL
nasdaq,IZEA
nasdaq,IZM
nasdaq,IZTC
nasdaq,J
nasdaq,JACK
nasdaq,JAGX
nasdaq,JAKK
nasdaq,JAMF
nasdaq,JANX
nasdaq,JAZZ
nasdaq,JBDI
nasdaq,JBGS
nasdaq,JBHT
nasdaq,JBI
nasdaq,JBK
nasdaq,JBL
nasdaq,JBLU
nasdaq,JBSS
nasdaq,JBTM
nasdaq,JCE
nasdaq,JCI
nasdaq,JCSE
nasdaq,JCTC
nasdaq,JD
nasdaq,JDZG
nasdaq,JEF
nasdaq,JELD
nasdaq,JEQ
nasdaq,JFBR
nasdaq,JFBRW
nasdaq,JFIN
nasdaq,JFR
nasdaq,JFU
nasdaq,JG
nasdaq,JGH
nasdaq,JHG
nasdaq,JHI
nasdaq,JHS
nasdaq,JHX
nasdaq,JILL
nasdaq,JJSF
nasdaq,JKHY
nasdaq,JKS
nasdaq,JL
nasdaq,JLL
nasdaq,JLS
nasdaq,JMIA
nasdaq,JMM
nasdaq,JMSB
nasdaq,JNJ
nasdaq,JNPR
nasdaq,JNVR
nasdaq,JOB
nasdaq,JOBY
nasdaq,JOE
nasdaq,JOF
nasdaq,JOUT
nasdaq,JPC
nasdaq,JPI
nasdaq,JPM
nasdaq,JPM^C
nasdaq,JPM^D
nasdaq,JPM^J
nasdaq,JPM^K
nasdaq,JPM^L
nasdaq,JPM^M
nasdaq,JQC
nasdaq,JRI
nasdaq,JRS
nasdaq,JRSH
nasdaq,JRVR
nasdaq,JSM
nasdaq,JSPR
nasdaq,JSPRW
nasdaq,JTAI
nasdaq,JUNE
nasdaq,JUNS
nasdaq,JVA
nasdaq,JVSA
nasdaq,JWEL
nasdaq,JWN
nasdaq,JXG
nasdaq,JXN
nasdaq,JXN^A
nasdaq,JYD
nasdaq,JYNT
nasdaq,JZ
nasdaq,JZXN
nasdaq,K
nasdaq,KAI
nasdaq,KALA
nasdaq,KALU
nasdaq,KALV
nasdaq,KAPA
nasdaq,KAR
nasdaq,KARO
nasdaq,KAVL
nasdaq,KB
nasdaq,KBDC
nasdaq,KBH
nasdaq,KBR
nasdaq,KBSX
nasdaq,KC
nasdaq,KD
nasdaq,KDLY
nasdaq,KDP
nasdaq,KE
nasdaq,KELYA
nasdaq,KELYB
nasdaq,KEN
nasdaq,KEP
nasdaq,KEQU
nasdaq,KEX
nasdaq,KEY
nasdaq,KEY^I
nasdaq,KEY^J
nasdaq,KEY^K
nasdaq,KEY^L
nasdaq,KEYS
nasdaq,KF
nasdaq,KFFB
nasdaq,KFRC
nasdaq,KFS
nasdaq,KFY
nasdaq,KGC
nasdaq,KGEI
nasdaq,KGS
nasdaq,KHC
nasdaq,KIDS
nasdaq,KIM
nasdaq,KIM^L
nasdaq,KIM^M
nasdaq,KIM^N
nasdaq,KIND
nasdaq,KINS
nasdaq,KIO
nasdaq,KIRK
nasdaq,KITT
nasdaq,KITTW
nasdaq,KKR
nasdaq,KKRS
nasdaq,KLAC
nasdaq,KLC
nasdaq,KLG
nasdaq,KLIC
nasdaq,KLTO
nasdaq,KLTOW
nasdaq,KLTR
nasdaq,KLXE
nasdaq,KMB
nasdaq,KMDA
nasdaq,KMI
nasdaq,KMPB
nasdaq,KMPR
nasdaq,KMT
nasdaq,KMX
nasdaq,KN
nasdaq,KNDI
nasdaq,KNF
nasdaq,KNOP
nasdaq,KNSA
nasdaq,KNSL
nasdaq,KNTK
nasdaq,KNW
nasdaq,KNX
nasdaq,KO
nasdaq,KOD
nasdaq,KODK
nasdaq,KOF
nasdaq,KOP
nasdaq,KOPN
nasdaq,KORE
nasdaq,KOS
nasdaq,KOSS
nasdaq,KPLT
nasdaq,KPLTW
nasdaq,KPRX
nasdaq,KPTI
nasdaq,KR
nasdaq,KRC
nasdaq,KREF
nasdaq,KREF^A
nasdaq,KRG
nasdaq,KRKR
nasdaq,KRMD
nasdaq,KRNT
nasdaq,KRNY
nasdaq,KRO
nasdaq,KRON
nasdaq,KROS
nasdaq,KRP
nasdaq,KRRO
nasdaq,KRT
nasdaq,KRUS
nasdaq,KRYS
nasdaq,KSCP
nasdaq,KSPI
nasdaq,KSS
nasdaq,KT
nasdaq,KTB
nasdaq,KTCC
nasdaq,KTF
nasdaq,KTH
nasdaq,KTN
nasdaq,KTOS
nasdaq,KTTA
nasdaq,KUKE
nasdaq,KULR
nasdaq,KURA
nasdaq,KVAC
nasdaq,KVACW
nasdaq,KVHI
nasdaq,KVUE
nasdaq,KVYO
nasdaq,KW
nasdaq,KWE
nasdaq,KWESW
nasdaq,KWR
nasdaq,KXIN
nasdaq,KYMR
nasdaq,KYN
nasdaq,KYTX
nasdaq,KZIA
nasdaq,KZR
nasdaq,L
nasdaq,LAAC
nasdaq,LAB
nasdaq,LAC
nasdaq,LAD
nasdaq,LADR
nasdaq,LAES
nasdaq,LAKE
nasdaq,LAMR
nasdaq,LANC
nasdaq,LAND
nasdaq,LANDM
nasdaq,LANDO
nasdaq,LANDP
nasdaq,LANV
nasdaq,LARK
nasdaq,LASE
nasdaq,LASR
nasdaq,LAUR
nasdaq,LAW
nasdaq,LAZ
nasdaq,LAZR
nasdaq,LB
nasdaq,LBGJ
nasdaq,LBRDA
nasdaq,LBRDK
nasdaq,LBRDP
nasdaq,LBRT
nasdaq,LBTYA
nasdaq,LBTYB
nasdaq,LBTYK
nasdaq,LC
nasdaq,LCFY
nasdaq,LCFYW
nasdaq,LCID
nasdaq,LCII
nasdaq,LCNB
nasdaq,LCTX
nasdaq,LCUT
nasdaq,LDI
nasdaq,LDOS
nasdaq,LDP
nasdaq,LDTC
nasdaq,LDTCW
nasdaq,LDWY
nasdaq,LE
nasdaq,LEA
nasdaq,LECO
nasdaq,LEDS
nasdaq,LEE
nasdaq,LEG
nasdaq,LEGH
nasdaq,LEGN
nasdaq,LEGT
nasdaq,LEN
nasdaq,LENZ
nasdaq,LEO
nasdaq,LESL
nasdaq,LEU
nasdaq,LEVI
nasdaq,LEXX
nasdaq,LEXXW
nasdaq,LFCR
nasdaq,LFMD
nasdaq,LFMDP
nasdaq,LFST
nasdaq,LFT
nasdaq,LFT^A
nasdaq,LFUS
nasdaq,LFVN
nasdaq,LFWD
nasdaq,LGCB
nasdaq,LGCL
nasdaq,LGCY
nasdaq,LGHL
nasdaq,LGHLW
nasdaq,LGI
nasdaq,LGIH
nasdaq,LGL
nasdaq,LGMK
nasdaq,LGND
nasdaq,LGO
nasdaq,LGTY
nasdaq,LGVN
nasdaq,LH
nasdaq,LHX
nasdaq,LI
nasdaq,LICN
nasdaq,LICY
nasdaq,LIDR
nasdaq,LIDRW
nasdaq,LIEN
nasdaq,LIF
nasdaq,LII
nasdaq,LILA
nasdaq,LILAK
nasdaq,LIN
nasdaq,LINC
nasdaq,LIND
nasdaq,LINE
nasdaq,LINK
nasdaq,LION
nasdaq,LIPO
nasdaq,LIQT
nasdaq,LITB
nasdaq,LITE
nasdaq,LITM
nasdaq,LIVE
nasdaq,LIVN
nasdaq,LIXT
nasdaq,LIXTW
nasdaq,LKCO
nasdaq,LKFN
nasdaq,LKQ
nasdaq,LLY
nasdaq,LLYVA
nasdaq,LLYVK
nasdaq,LMAT
nasdaq,LMB
nasdaq,LMFA
nasdaq,LMND
nasdaq,LMNR
nasdaq,LMT
nasdaq,LNC
nasdaq,LNC^D
nasdaq,LND
nasdaq,LNG
nasdaq,LNKB
nasdaq,LNKS
nasdaq,LNN
nasdaq,LNSR
nasdaq,LNT
nasdaq,LNTH
nasdaq,LNW
nasdaq,LNZA
nasdaq,LNZAW
nasdaq,LOAN
nasdaq,LOAR
nasdaq,LOB
nasdaq,LOBO
nasdaq,LOCL
nasdaq,LOCO
nasdaq,LODE
nasdaq,LOGC
nasdaq,LOGI
nasdaq,LOMA
nasdaq,LOOP
nasdaq,LOPE
nasdaq,LOT
nasdaq,LOTWW
nasdaq,LOVE
nasdaq,LOW
nasdaq,LPA
nasdaq,LPAA
nasdaq,LPAAU
nasdaq,LPAAW
nasdaq,LPBB
nasdaq,LPBBU
nasdaq,LPBBW
nasdaq,LPCN
nasdaq,LPG
nasdaq,LPL
nasdaq,LPLA
nasdaq,LPRO
nasdaq,LPSN
nasdaq,LPTH
nasdaq,LPTX
nasdaq,LPX
nasdaq,LQDA
nasdaq,LQDT
nasdaq,LRCX
nasdaq,LRE
nasdaq,LRFC
nasdaq,LRHC
nasdaq,LRMR
nasdaq,LRN
nasdaq,LSAK
nasdaq,LSB
nasdaq,LSBK
nasdaq,LSBPW
nasdaq,LSCC
nasdaq,LSE
nasdaq,LSEA
nasdaq,LSEAW
nasdaq,LSF
nasdaq,LSH
nasdaq,LSPD
nasdaq,LSTA
nasdaq,LSTR
nasdaq,LTBR
nasdaq,LTC
nasdaq,LTH
nasdaq,LTM
nasdaq,LTRN
nasdaq,LTRX
nasdaq,LTRY
nasdaq,LTRYW
nasdaq,LU
nasdaq,LUCD
nasdaq,LUCK
nasdaq,LUCY
nasdaq,LUCYW
nasdaq,LULU
nasdaq,LUMN
nasdaq,LUNG
nasdaq,LUNR
nasdaq,LUNRW
nasdaq,LUV
nasdaq,LVLU
nasdaq,LVO
nasdaq,LVRO
nasdaq,LVROW
nasdaq,LVS
nasdaq,LVTX
nasdaq,LVWR
nasdaq,LW
nasdaq,LWAY
nasdaq,LWLG
nasdaq,LX
nasdaq,LXEH
nasdaq,LXEO
nasdaq,LXFR
nasdaq,LXP
nasdaq,LXP^C
nasdaq,LXRX
nasdaq,LXU
nasdaq,LYB
nasdaq,LYEL
nasdaq,LYFT
nasdaq,LYG
nasdaq,LYRA
nasdaq,LYT
nasdaq,LYTS
nasdaq,LYV
nasdaq,LZ
nasdaq,LZB
nasdaq,LZM
nasdaq,M
nasdaq,MA
nasdaq,MAA
nasdaq,MAA^I
nasdaq,MAC
nasdaq,MACI
nasdaq,MACIU
nasdaq,MACIW
nasdaq,MAG
nasdaq,MAGN
nasdaq,MAIA
nasdaq,MAIN
nasdaq,MAMA
nasdaq,MAMO
nasdaq,MAN
nasdaq,MANH
nasdaq,MANU
nasdaq,MAPS
nasdaq,MAPSW
nasdaq,MAR
nasdaq,MARA
nasdaq,MARPS
nasdaq,MAS
nasdaq,MASI
nasdaq,MASK
nasdaq,MASS
nasdaq,MAT
nasdaq,MATH
nasdaq,MATV
nasdaq,MATW
nasdaq,MATX
nasdaq,MAV
nasdaq,MAX
nasdaq,MAXN
nasdaq,MAYS
nasdaq,MBAV
nasdaq,MBAVU
nasdaq,MBAVW
nasdaq,MBC
nasdaq,MBCN
nasdaq,MBI
nasdaq,MBIN
nasdaq,MBINL
nasdaq,MBINM
nasdaq,MBINN
nasdaq,MBIO
nasdaq,MBLY
nasdaq,MBNKP
nasdaq,MBOT
nasdaq,MBRX
nasdaq,MBUU
nasdaq,MBWM
nasdaq,MBX
nasdaq,MC
nasdaq,MCB
nasdaq,MCBS
nasdaq,MCD
nasdaq,MCFT
nasdaq,MCHP
nasdaq,MCHX
nasdaq,MCI
nasdaq,MCK
nasdaq,MCN
nasdaq,MCO
nasdaq,MCR
nasdaq,MCRB
nasdaq,MCRI
nasdaq,MCS
nasdaq,MCVT
nasdaq,MCW
nasdaq,MCY
nasdaq,MD
nasdaq,MDAI
nasdaq,MDAIW
nasdaq,MDB
nasdaq,MDBH
nasdaq,MDCX
nasdaq,MDCXW
nasdaq,MDGL
nasdaq,MDIA
nasdaq,MDLZ
nasdaq,MDRR
nasdaq,MDT
nasdaq,MDU
nasdaq,MDV
nasdaq,MDV^A
nasdaq,MDWD
nasdaq,MDXG
nasdaq,MDXH
nasdaq,ME
nasdaq,MEC
nasdaq,MED
nasdaq,MEDP
nasdaq,MEG
nasdaq,MEGI
nasdaq,MEGL
nasdaq,MEI
nasdaq,MEIP
nasdaq,MELI
nasdaq,MEOH
nasdaq,MER^K
nasdaq,MERC
nasdaq,MESA
nasdaq,MESO
nasdaq,MET
nasdaq,MET^A
nasdaq,MET^E
nasdaq,MET^F
nasdaq,META
nasdaq,METC
nasdaq,METCB
nasdaq,METCL
nasdaq,METCZ
nasdaq,MFA
nasdaq,MFA^B
nasdaq,MFA^C
nasdaq,MFAN
nasdaq,MFAO
nasdaq,MFC
nasdaq,MFG
nasdaq,MFH
nasdaq,MFI
nasdaq,MFIC
nasdaq,MFICL
nasdaq,MFIN
nasdaq,MFM
nasdaq,MG
nasdaq,MGA
nasdaq,MGEE
nasdaq,MGF
nasdaq,MGIC
nasdaq,MGIH
nasdaq,MGLD
nasdaq,MGM
nasdaq,MGNI
nasdaq,MGNX
nasdaq,MGOL
nasdaq,MGPI
nasdaq,MGR
nasdaq,MGRB
nasdaq,MGRC
nasdaq,MGRD
nasdaq,MGRE
nasdaq,MGRM
nasdaq,MGRX
nasdaq,MGTX
nasdaq,MGX
nasdaq,MGY
nasdaq,MGYR
nasdaq,MHD
nasdaq,MHF
nasdaq,MHH
nasdaq,MHI
nasdaq,MHK
nasdaq,MHLA
nasdaq,MHLD
nasdaq,MHN
nasdaq,MHNC
nasdaq,MHO
nasdaq,MHUA
nasdaq,MI
nasdaq,MIDD
nasdaq,MIGI
nasdaq,MIMI
nasdaq,MIN
nasdaq,MIND
nasdaq,MIO
nasdaq,MIR
nasdaq,MIRA
nasdaq,MIRM
nasdaq,MIST
nasdaq,MITK
nasdaq,MITN
nasdaq,MITP
nasdaq,MITQ
nasdaq,MITT
nasdaq,MITT^A
nasdaq,MITT^B
nasdaq,MITT^C
nasdaq,MIY
nasdaq,MKC
nasdaq,MKDW
nasdaq,MKDWW
nasdaq,MKFG
nasdaq,MKL
nasdaq,MKSI
nasdaq,MKTW
nasdaq,MKTX
nasdaq,MKZR
nasdaq,ML
nasdaq,MLAB
nasdaq,MLACU
nasdaq,MLCO
nasdaq,MLEC
nasdaq,MLGO
nasdaq,MLI
nasdaq,MLKN
nasdaq,MLM
nasdaq,MLNK
nasdaq,MLP
nasdaq,MLR
nasdaq,MLSS
nasdaq,MLTX
nasdaq,MLYS
nasdaq,MMA
nasdaq,MMC
nasdaq,MMD
nasdaq,MMI
nasdaq,MMLP
nasdaq,MMM
nasdaq,MMS
nasdaq,MMSI
nasdaq,MMT
nasdaq,MMU
nasdaq,MMYT
nasdaq,MNDO
nasdaq,MNDR
nasdaq,MNDY
nasdaq,MNKD
nasdaq,MNMD
nasdaq,MNOV
nasdaq,MNPR
nasdaq,MNR
nasdaq,MNRO
nasdaq,MNSB
nasdaq,MNSBP
nasdaq,MNSO
nasdaq,MNST
nasdaq,MNTK
nasdaq,MNTS
nasdaq,MNTSW
nasdaq,MNY
nasdaq,MNYWW
nasdaq,MO
nasdaq,MOB
nasdaq,MOBBW
nasdaq,MOBX
nasdaq,MOBXW
nasdaq,MOD
nasdaq,MODD
nasdaq,MODG
nasdaq,MODV
nasdaq,MOFG
nasdaq,MOGO
nasdaq,MOGU
nasdaq,MOH
nasdaq,MOLN
nasdaq,MOMO
nasdaq,MORN
nasdaq,MOS
nasdaq,MOV
nasdaq,MOVE
nasdaq,MP
nasdaq,MPA
nasdaq,MPAA
nasdaq,MPB
nasdaq,MPC
nasdaq,MPLN
nasdaq,MPLX
nasdaq,MPTI
nasdaq,MPU
nasdaq,MPV
nasdaq,MPW
nasdaq,MPWR
nasdaq,MPX
nasdaq,MQ
nasdaq,MQT
nasdaq,MQY
nasdaq,MRAM
nasdaq,MRBK
nasdaq,MRC
nasdaq,MRCC
nasdaq,MRCY
nasdaq,MREO
nasdaq,MRIN
nasdaq,MRK
nasdaq,MRKR
nasdaq,MRM
nasdaq,MRNA
nasdaq,MRNO
nasdaq,MRNOW
nasdaq,MRNS
nasdaq,MRSN
nasdaq,MRT
nasdaq,MRTN
nasdaq,MRUS
nasdaq,MRVI
nasdaq,MRVL
nasdaq,MRX
nasdaq,MS
nasdaq,MS^A
nasdaq,MS^E
nasdaq,MS^F
nasdaq,MS^I
nasdaq,MS^K
nasdaq,MS^L
nasdaq,MS^O
nasdaq,MS^P
nasdaq,MS^Q
nasdaq,MSA
nasdaq,MSAI
nasdaq,MSAIW
nasdaq,MSB
nasdaq,MSBI
nasdaq,MSBIP
nasdaq,MSC
nasdaq,MSCI
nasdaq,MSD
nasdaq,MSDL
nasdaq,MSEX
nasdaq,MSFT
nasdaq,MSGE
nasdaq,MSGM
nasdaq,MSGS
nasdaq,MSI
nasdaq,MSM
nasdaq,MSN
nasdaq,MSPR
nasdaq,MSPRW
nasdaq,MSPRZ
nasdaq,MSS
nasdaq,MSSA
nasdaq,MSSAR
nasdaq,MSSAW
nasdaq,MSTR
nasdaq,MSW
nasdaq,MT
nasdaq,MTA
nasdaq,MTAL
nasdaq,MTB
nasdaq,MTB^H
nasdaq,MTB^J
nasdaq,MTC
nasdaq,MTCH
nasdaq,MTD
nasdaq,MTDR
nasdaq,MTEK
nasdaq,MTEKW
nasdaq,MTEN
nasdaq,MTEX
nasdaq,MTG
nasdaq,MTH
nasdaq,MTLS
nasdaq,MTN
nasdaq,MTNB
nasdaq,MTR
nasdaq,MTRN
nasdaq,MTRX
nasdaq,MTSI
nasdaq,MTTR
nasdaq,MTUS
nasdaq,MTVA
nasdaq,MTW
nasdaq,MTX
nasdaq,MTZ
nasdaq,MU
nasdaq,MUA
nasdaq,MUC
nasdaq,MUE
nasdaq,MUFG
nasdaq,MUI
nasdaq,MUJ
nasdaq,MULN
nasdaq,MUR
nasdaq,MURA
nasdaq,MUSA
nasdaq,MUX
nasdaq,MVBF
nasdaq,MVF
nasdaq,MVIS
nasdaq,MVO
nasdaq,MVST
nasdaq,MVSTW
nasdaq,MVT
nasdaq,MWA
nasdaq,MWG
nasdaq,MX
nasdaq,MXC
nasdaq,MXCT
nasdaq,MXE
nasdaq,MXF
nasdaq,MXL
nasdaq,MYD
nasdaq,MYE
nasdaq,MYFW
nasdaq,MYGN
nasdaq,MYI
nasdaq,MYN
nasdaq,MYNA
nasdaq,MYND
nasdaq,MYNZ
nasdaq,MYO
nasdaq,MYPS
nasdaq,MYPSW
nasdaq,MYRG
nasdaq,MYSZ
nasdaq,MYTE
nasdaq,
nasdaq,NAAS
nasdaq,NABL
nasdaq,NAC
nasdaq,NAD
nasdaq,NAII
nasdaq,NAK
nasdaq,NAMI
nasdaq,NAMS
nasdaq,NAMSW
nasdaq,NAN
nasdaq,NAOV
nasdaq,NARI
nasdaq,NAT
nasdaq,NATH
nasdaq,NATL
nasdaq,NATR
nasdaq,NAUT
nasdaq,NAVI
nasdaq,NAYA
nasdaq,NAZ
nasdaq,NB
nasdaq,NBB
nasdaq,NBBK
nasdaq,NBH
nasdaq,NBHC
nasdaq,NBIS
nasdaq,NBIX
nasdaq,NBN
nasdaq,NBR
nasdaq,NBTB
nasdaq,NBTX
nasdaq,NBXG
nasdaq,NBY
nasdaq,NC
nasdaq,NCA
nasdaq,NCDL
nasdaq,NCEW
nasdaq,NCI
nasdaq,NCL
nasdaq,NCLH
nasdaq,NCMI
nasdaq,NCNA
nasdaq,NCNO
nasdaq,NCPL
nasdaq,NCPLW
nasdaq,NCRA
nasdaq,NCSM
nasdaq,NCTY
nasdaq,NCV
nasdaq,NCV^A
nasdaq,NCZ
nasdaq,NCZ^A
nasdaq,NDAQ
nasdaq,NDLS
nasdaq,NDMO
nasdaq,NDRA
nasdaq,NDSN
nasdaq,NE
nasdaq,NEA
nasdaq,NECB
nasdaq,NEE
nasdaq,NEE^N
nasdaq,NEE^R
nasdaq,NEE^S
nasdaq,NEE^T
nasdaq,NEGG
nasdaq,NEHC
nasdaq,NEHCW
nasdaq,NEM
nasdaq,NEN
nasdaq,NEO
nasdaq,NEOG
nasdaq,NEON
nasdaq,NEOV
nasdaq,NEOVW
nasdaq,NEP
nasdaq,NEPH
nasdaq,NERV
nasdaq,NESR
nasdaq,NESRW
nasdaq,NET
nasdaq,NETD
nasdaq,NETDW
nasdaq,NEU
nasdaq,NEUE
nasdaq,NEUP
nasdaq,NEWP
nasdaq,NEWT
nasdaq,NEWTG
nasdaq,NEWTH
nasdaq,NEWTI
nasdaq,NEWTZ
nasdaq,NEXA
nasdaq,NEXN
nasdaq,NEXT
nasdaq,NFBK
nasdaq,NFE
nasdaq,NFG
nasdaq,NFGC
nasdaq,NFJ
nasdaq,NFLX
nasdaq,NG
nasdaq,NGD
nasdaq,NGG
nasdaq,NGL
nasdaq,NGL^B
nasdaq,NGL^C
nasdaq,NGNE
nasdaq,NGS
nasdaq,NGVC
nasdaq,NGVT
nasdaq,NHC
nasdaq,NHI
nasdaq,NHPAP
nasdaq,NHPBP
nasdaq,NHS
nasdaq,NHTC
nasdaq,NI
nasdaq,NIC
nasdaq,NICE
nasdaq,NIE
nasdaq,NIM
nasdaq,NINE
nasdaq,NIO
nasdaq,NIOBW
nasdaq,NIPG
nasdaq,NISN
nasdaq,NITO
nasdaq,NIU
nasdaq,NIVF
nasdaq,NIVFW
nasdaq,NIXX
nasdaq,NIXXW
nasdaq,NJR
nasdaq,NKE
nasdaq,NKGN
nasdaq,NKGNW
nasdaq,NKLA
nasdaq,NKSH
nasdaq,NKTR
nasdaq,NKTX
nasdaq,NKX
nasdaq,NL
nasdaq,NLOP
nasdaq,NLSP
nasdaq,NLSPW
nasdaq,NLY
nasdaq,NLY^F
nasdaq,NLY^G
nasdaq,NLY^I
nasdaq,NMAI
nasdaq,NMCO
nasdaq,NMFC
nasdaq,NMFCZ
nasdaq,NMG
nasdaq,NMI
nasdaq,NMIH
nasdaq,NML
nasdaq,NMM
nasdaq,NMR
nasdaq,NMRA
nasdaq,NMRK
nasdaq,NMS
nasdaq,NMT
nasdaq,NMTC
nasdaq,NMZ
nasdaq,NN
nasdaq,NNAVW
nasdaq,NNBR
nasdaq,NNDM
nasdaq,NNE
nasdaq,NNI
nasdaq,NNN
nasdaq,NNOX
nasdaq,NNVC
nasdaq,NNY
nasdaq,NOA
nasdaq,NOAH
nasdaq,NOC
nasdaq,NODK
nasdaq,NOEM
nasdaq,NOEMR
nasdaq,NOEMU
nasdaq,NOEMW
nasdaq,NOG
nasdaq,NOK
nasdaq,NOM
nasdaq,NOMD
nasdaq,NOTE
nasdaq,NOTV
nasdaq,NOV
nasdaq,NOVA
nasdaq,NOVT
nasdaq,NOW
nasdaq,NPCE
nasdaq,NPCT
nasdaq,NPFD
nasdaq,NPK
nasdaq,NPKI
nasdaq,NPO
nasdaq,NPV
nasdaq,NPWR
nasdaq,NQP
nasdaq,NRC
nasdaq,NRDS
nasdaq,NRDY
nasdaq,NREF
nasdaq,NREF^A
nasdaq,NRG
nasdaq,NRGV
nasdaq,NRIM
nasdaq,NRIX
nasdaq,NRK
nasdaq,NRO
nasdaq,NRP
nasdaq,NRSN
nasdaq,NRSNW
nasdaq,NRT
nasdaq,NRUC
nasdaq,NRXP
nasdaq,NRXPW
nasdaq,NRXS
nasdaq,NSA
nasdaq,NSA^A
nasdaq,NSA^B
nasdaq,NSC
nasdaq,NSIT
nasdaq,NSP
nasdaq,NSPR
nasdaq,NSSC
nasdaq,NSTS
nasdaq,NSYS
nasdaq,NTAP
nasdaq,NTB
nasdaq,NTCL
nasdaq,NTCT
nasdaq,NTES
nasdaq,NTGR
nasdaq,NTIC
nasdaq,NTIP
nasdaq,NTLA
nasdaq,NTNX
nasdaq,NTR
nasdaq,NTRA
nasdaq,NTRB
nasdaq,NTRBW
nasdaq,NTRP
nasdaq,NTRS
nasdaq,NTRSO
nasdaq,NTST
nasdaq,NTWK
nasdaq,NTWO
nasdaq,NTWOU
nasdaq,NTWOW
nasdaq,NTZ
nasdaq,NU
nasdaq,NUE
nasdaq,NUKK
nasdaq,NUKKW
nasdaq,NURO
nasdaq,NUS
nasdaq,NUTX
nasdaq,NUV
nasdaq,NUVB
nasdaq,NUVL
nasdaq,NUW
nasdaq,NUWE
nasdaq,NVA
nasdaq,NVAWW
nasdaq,NVAX
nasdaq,NVCR
nasdaq,NVCT
nasdaq,NVDA
nasdaq,NVEC
nasdaq,NVEE
nasdaq,NVFY
nasdaq,NVG
nasdaq,NVGS
nasdaq,NVMI
nasdaq,NVNI
nasdaq,NVNIW
nasdaq,NVNO
nasdaq,NVO
nasdaq,NVR
nasdaq,NVRI
nasdaq,NVRO
nasdaq,NVS
nasdaq,NVST
nasdaq,NVT
nasdaq,NVTS
nasdaq,NVVE
nasdaq,NVVEW
nasdaq,NVX
nasdaq,NWBI
nasdaq,NWE
nasdaq,NWFL
nasdaq,NWG
nasdaq,NWGL
nasdaq,NWL
nasdaq,NWN
nasdaq,NWPX
nasdaq,NWS
nasdaq,NWSA
nasdaq,NWTN
nasdaq,NWTNW
nasdaq,NX
nasdaq,NXC
nasdaq,NXDT
nasdaq,NXDT^A
nasdaq,NXE
nasdaq,NXG
nasdaq,NXGL
nasdaq,NXJ
nasdaq,NXL
nasdaq,NXN
nasdaq,NXP
nasdaq,NXPI
nasdaq,NXPL
nasdaq,NXPLW
nasdaq,NXRT
nasdaq,NXST
nasdaq,NXT
nasdaq,NXTC
nasdaq,NXTT
nasdaq,NXU
nasdaq,NYAX
nasdaq,NYC
nasdaq,NYMT
nasdaq,NYMTG
nasdaq,NYMTI
nasdaq,NYMTL
nasdaq,NYMTM
nasdaq,NYMTN
nasdaq,NYMTZ
nasdaq,NYT
nasdaq,NYXH
nasdaq,NZF
nasdaq,O
nasdaq,OABI
nasdaq,OACC
nasdaq,OACCU
nasdaq,OACCW
nasdaq,OAK^A
nasdaq,OAK^B
nasdaq,OAKU
nasdaq,OAKUW
nasdaq,OB
nasdaq,OBDC
nasdaq,OBE
nasdaq,OBIO
nasdaq,OBK
nasdaq,OBLG
nasdaq,OBT
nasdaq,OC
nasdaq,OCC
nasdaq,OCCI
nasdaq,OCCIM
nasdaq,OCCIN
nasdaq,OCCIO
nasdaq,OCEA
nasdaq,OCEAW
nasdaq,OCFC
nasdaq,OCFCP
nasdaq,OCFT
nasdaq,OCG
nasdaq,OCGN
nasdaq,OCS
nasdaq,OCSAW
nasdaq,OCSL
nasdaq,OCTO
nasdaq,OCUL
nasdaq,OCX
nasdaq,ODC
nasdaq,ODD
nasdaq,ODFL
nasdaq,ODP
nasdaq,ODV
nasdaq,ODVWZ
nasdaq,OEC
nasdaq,OESX
nasdaq,OFG
nasdaq,OFIX
nasdaq,OFLX
nasdaq,OFS
nasdaq,OFSSH
nasdaq,OGE
nasdaq,OGEN
nasdaq,OGI
nasdaq,OGN
nasdaq,OGS
nasdaq,OHI
nasdaq,OI
nasdaq,OIA
nasdaq,OII
nasdaq,OIS
nasdaq,OKE
nasdaq,OKLO
nasdaq,OKTA
nasdaq,OKUR
nasdaq,OKYO
nasdaq,OLB
nasdaq,OLED
nasdaq,OLLI
nasdaq,OLMA
nasdaq,OLN
nasdaq,OLO
nasdaq,OLP
nasdaq,OLPX
nasdaq,OM
nasdaq,OMAB
nasdaq,OMC
nasdaq,OMCC
nasdaq,OMCL
nasdaq,OMER
nasdaq,OMEX
nasdaq,OMF
nasdaq,OMGA
nasdaq,OMH
nasdaq,OMI
nasdaq,OMIC
nasdaq,ON
nasdaq,ONB
nasdaq,ONBPO
nasdaq,ONBPP
nasdaq,ONC
nasdaq,ONCO
nasdaq,ONCY
nasdaq,ONDS
nasdaq,ONEG
nasdaq,ONEW
nasdaq,ONFO
nasdaq,ONFOW
nasdaq,ONIT
nasdaq,ONL
nasdaq,ONMD
nasdaq,ONMDW
nasdaq,ONON
nasdaq,ONTF
nasdaq,ONTO
nasdaq,ONVO
nasdaq,OOMA
nasdaq,OP
nasdaq,OPAD
nasdaq,OPAL
nasdaq,OPBK
nasdaq,OPCH
nasdaq,OPEN
nasdaq,OPFI
nasdaq,OPHC
nasdaq,OPI
nasdaq,OPINL
nasdaq,OPK
nasdaq,OPOF
nasdaq,OPP
nasdaq,OPP^A
nasdaq,OPP^B
nasdaq,OPP^C
nasdaq,OPRA
nasdaq,OPRT
nasdaq,OPRX
nasdaq,OPT
nasdaq,OPTN
nasdaq,OPTT
nasdaq,OPTX
nasdaq,OPTXW
nasdaq,OPXS
nasdaq,OPY
nasdaq,OR
nasdaq,ORA
nasdaq,ORC
nasdaq,ORCL
nasdaq,ORGN
nasdaq,ORGNW
nasdaq,ORGO
nasdaq,ORI
nasdaq,ORIC
nasdaq,ORIS
nasdaq,ORKA
nasdaq,ORKT
nasdaq,ORLA
nasdaq,ORLY
nasdaq,ORMP
nasdaq,ORN
nasdaq,ORRF
nasdaq,OS
nasdaq,OSBC
nasdaq,OSCR
nasdaq,OSIS
nasdaq,OSK
nasdaq,OSPN
nasdaq,OSS
nasdaq,OST
nasdaq,OSTX
nasdaq,OSUR
nasdaq,OSW
nasdaq,OTEX
nasdaq,OTIS
nasdaq,OTLK
nasdaq,OTLY
nasdaq,OTRK
nasdaq,OTTR
nasdaq,OUST
nasdaq,OUSTW
nasdaq,OUSTZ
nasdaq,OUT
nasdaq,OVBC
nasdaq,OVID
nasdaq,OVLY
nasdaq,OVV
nasdaq,OWL
nasdaq,OWLT
nasdaq,OXBR
nasdaq,OXBRW
nasdaq,OXLC
nasdaq,OXLCI
nasdaq,OXLCL
nasdaq,OXLCN
nasdaq,OXLCO
nasdaq,OXLCP
nasdaq,OXLCZ
nasdaq,OXM
nasdaq,OXSQ
nasdaq,OXSQG
nasdaq,OXSQZ
nasdaq,OXY
nasdaq,OZ
nasdaq,OZK
nasdaq,OZKAP
nasdaq,PAA
nasdaq,PAAS
nasdaq,PAC
nasdaq,PACB
nasdaq,PACK
nasdaq,PACS
nasdaq,PAG
nasdaq,PAGP
nasdaq,PAGS
nasdaq,PAHC
nasdaq,PAI
nasdaq,PAL
nasdaq,PALI
nasdaq,PAM
nasdaq,PAMT
nasdaq,PANL
nasdaq,PANW
nasdaq,PAPL
nasdaq,PAR
nasdaq,PARA
nasdaq,PARAA
nasdaq,PARR
nasdaq,PASG
nasdaq,PATH
nasdaq,PATK
nasdaq,PAVM
nasdaq,PAVS
nasdaq,PAX
nasdaq,PAXS
nasdaq,PAY
nasdaq,PAYC
nasdaq,PAYO
nasdaq,PAYS
nasdaq,PAYX
nasdaq,PB
nasdaq,PBA
nasdaq,PBBK
nasdaq,PBF
nasdaq,PBFS
nasdaq,PBH
nasdaq,PBHC
nasdaq,PBI
nasdaq,PBI^B
nasdaq,PBM
nasdaq,PBMWW
nasdaq,PBPB
nasdaq,PBR
nasdaq,PBT
nasdaq,PBYI
nasdaq,PC
nasdaq,PCAR
nasdaq,PCB
nasdaq,PCF
nasdaq,PCG
nasdaq,PCG^A
nasdaq,PCG^B
nasdaq,PCG^D
nasdaq,PCG^E
nasdaq,PCG^H
nasdaq,PCG^X
nasdaq,PCH
nasdaq,PCK
nasdaq,PCLA
nasdaq,PCM
nasdaq,PCN
nasdaq,PCOR
nasdaq,PCQ
nasdaq,PCRX
nasdaq,PCSA
nasdaq,PCT
nasdaq,PCTTW
nasdaq,PCTY
nasdaq,PCVX
nasdaq,PCYO
nasdaq,PD
nasdaq,PDCC
nasdaq,PDCO
nasdaq,PDD
nasdaq,PDEX
nasdaq,PDFS
nasdaq,PDI
nasdaq,PDLB
nasdaq,PDM
nasdaq,PDO
nasdaq,PDPA
nasdaq,PDS
nasdaq,PDSB
nasdaq,PDT
nasdaq,PDX
nasdaq,PDYN
nasdaq,PDYNW
nasdaq,PEB
nasdaq,PEB^E
nasdaq,PEB^F
nasdaq,PEB^G
nasdaq,PEB^H
nasdaq,PEBK
nasdaq,PEBO
nasdaq,PECO
nasdaq,PED
nasdaq,PEG
nasdaq,PEGA
nasdaq,PEN
nasdaq,PENG
nasdaq,PENN
nasdaq,PEO
nasdaq,PEP
nasdaq,PEPG
nasdaq,PERF
nasdaq,PERI
nasdaq,PESI
nasdaq,PET
nasdaq,PETS
nasdaq,PETWW
nasdaq,PETZ
nasdaq,PEV
nasdaq,PFBC
nasdaq,PFC
nasdaq,PFD
nasdaq,PFE
nasdaq,PFG
nasdaq,PFGC
nasdaq,PFH
nasdaq,PFIS
nasdaq,PFL
nasdaq,PFLT
nasdaq,PFN
nasdaq,PFO
nasdaq,PFS
nasdaq,PFSI
nasdaq,PFX
nasdaq,PFXNZ
nasdaq,PG
nasdaq,PGC
nasdaq,PGEN
nasdaq,PGHL
nasdaq,PGNY
nasdaq,PGP
nasdaq,PGR
nasdaq,PGRE
nasdaq,PGY
nasdaq,PGYWW
nasdaq,PGZ
nasdaq,PH
nasdaq,PHAR
nasdaq,PHAT
nasdaq,PHD
nasdaq,PHG
nasdaq,PHGE
nasdaq,PHH
nasdaq,PHI
nasdaq,PHIN
nasdaq,PHIO
nasdaq,PHK
nasdaq,PHLT
nasdaq,PHM
nasdaq,PHR
nasdaq,PHT
nasdaq,PHUN
nasdaq,PHVS
nasdaq,PHX
nasdaq,PI
nasdaq,PII
nasdaq,PIII
nasdaq,PIIIW
nasdaq,PIM
nasdaq,PINC
nasdaq,PINE
nasdaq,PINS
nasdaq,PIPR
nasdaq,PITA
nasdaq,PJT
nasdaq,PK
nasdaq,PKBK
nasdaq,PKE
nasdaq,PKG
nasdaq,PKOH
nasdaq,PKST
nasdaq,PKX
nasdaq,PL
nasdaq,PLAB
nasdaq,PLAG
nasdaq,PLAO
nasdaq,PLAY
nasdaq,PLBC
nasdaq,PLBY
nasdaq,PLCE
nasdaq,PLD
nasdaq,PLG
nasdaq,PLL
nasdaq,PLMJ
nasdaq,PLMJU
nasdaq,PLMJW
nasdaq,PLMKU
nasdaq,PLMR
nasdaq,PLNT
nasdaq,PLOW
nasdaq,PLPC
nasdaq,PLRX
nasdaq,PLRZ
nasdaq,PLSE
nasdaq,PLTK
nasdaq,PLTR
nasdaq,PLUG
nasdaq,PLUR
nasdaq,PLUS
nasdaq,PLX
nasdaq,PLXS
nasdaq,PLYA
nasdaq,PLYM
nasdaq,PM
nasdaq,PMAX
nasdaq,PMCB
nasdaq,PMEC
nasdaq,PMF
nasdaq,PML
nasdaq,PMM
nasdaq,PMN
nasdaq,PMNT
nasdaq,PMO
nasdaq,PMT
nasdaq,PMT^A
nasdaq,PMT^B
nasdaq,PMT^C
nasdaq,PMTS
nasdaq,PMTU
nasdaq,PMVP
nasdaq,PMX
nasdaq,PNBK
nasdaq,PNC
nasdaq,PNF
nasdaq,PNFP
nasdaq,PNFPP
nasdaq,PNI
nasdaq,PNNT
nasdaq,PNR
nasdaq,PNRG
nasdaq,PNST
nasdaq,PNTG
nasdaq,PNW
nasdaq,POAI
nasdaq,POCI
nasdaq,PODC
nasdaq,PODD
nasdaq,POET
nasdaq,POLA
nasdaq,POLE
nasdaq,POLEU
nasdaq,POLEW
nasdaq,PONY
nasdaq,POOL
nasdaq,POR
nasdaq,POST
nasdaq,POWI
nasdaq,POWL
nasdaq,POWW
nasdaq,POWWP
nasdaq,PPBI
nasdaq,PPBT
nasdaq,PPC
nasdaq,PPG
nasdaq,PPIH
nasdaq,PPL
nasdaq,PPSI
nasdaq,PPT
nasdaq,PPTA
nasdaq,PPYA
nasdaq,PPYAU
nasdaq,PPYAW
nasdaq,PR
nasdaq,PRA
nasdaq,PRAA
nasdaq,PRAX
nasdaq,PRCH
nasdaq,PRCT
nasdaq,PRDO
nasdaq,PRE
nasdaq,PRENW
nasdaq,PRFX
nasdaq,PRG
nasdaq,PRGO
nasdaq,PRGS
nasdaq,PRH
nasdaq,PRI
nasdaq,PRIF^D
nasdaq,PRIF^F
nasdaq,PRIF^H
nasdaq,PRIF^I
nasdaq,PRIF^J
nasdaq,PRIF^K
nasdaq,PRIF^L
nasdaq,PRIM
nasdaq,PRK
nasdaq,PRKS
nasdaq,PRLB
nasdaq,PRLD
nasdaq,PRM
nasdaq,PRMB
nasdaq,PRME
nasdaq,PRO
nasdaq,PROC
nasdaq,PROCW
nasdaq,PROF
nasdaq,PROK
nasdaq,PROP
nasdaq,PROV
nasdaq,PRPH
nasdaq,PRPL
nasdaq,PRPO
nasdaq,PRQR
nasdaq,PRS
nasdaq,PRSO
nasdaq,PRSU
nasdaq,PRT
nasdaq,PRTA
nasdaq,PRTC
nasdaq,PRTG
nasdaq,PRTH
nasdaq,PRTS
nasdaq,PRU
nasdaq,PRVA
nasdaq,PRZO
nasdaq,PSA
nasdaq,PSA^F
nasdaq,PSA^G
nasdaq,PSA^H
nasdaq,PSA^I
nasdaq,PSA^J
nasdaq,PSA^K
nasdaq,PSA^L
nasdaq,PSA^M
nasdaq,PSA^N
nasdaq,PSA^O
nasdaq,PSA^P
nasdaq,PSA^Q
nasdaq,PSA^R
nasdaq,PSA^S
nasdaq,PSBD
nasdaq,PSEC
nasdaq,PSEC^A
nasdaq,PSF
nasdaq,PSFE
nasdaq,PSHG
nasdaq,PSIG
nasdaq,PSIX
nasdaq,PSMT
nasdaq,PSN
nasdaq,PSNL
nasdaq,PSNY
nasdaq,PSNYW
nasdaq,PSO
nasdaq,PSQH
nasdaq,PSTG
nasdaq,PSTL
nasdaq,PSTV
nasdaq,PSX
nasdaq,PT
nasdaq,PTA
nasdaq,PTC
nasdaq,PTCT
nasdaq,PTEN
nasdaq,PTGX
nasdaq,PTHL
nasdaq,PTIX
nasdaq,PTLE
nasdaq,PTLO
nasdaq,PTMN
nasdaq,PTN
nasdaq,PTON
nasdaq,PTPI
nasdaq,PTVE
nasdaq,PTY
nasdaq,PUBM
nasdaq,PUK
nasdaq,PULM
nasdaq,PUMP
nasdaq,PVBC
nasdaq,PVH
nasdaq,PVL
nasdaq,PVLA
nasdaq,PW
nasdaq,PW^A
nasdaq,PWM
nasdaq,PWOD
nasdaq,PWP
nasdaq,PWR
nasdaq,PWUP
nasdaq,PWUPU
nasdaq,PWUPW
nasdaq,PX
nasdaq,PXLW
nasdaq,PXS
nasdaq,PXSAW
nasdaq,PYCR
nasdaq,PYN
nasdaq,PYPD
nasdaq,PYPL
nasdaq,PYT
nasdaq,PYXS
nasdaq,PZC
nasdaq,PZG
nasdaq,PZZA
nasdaq,QBTS
nasdaq,QCOM
nasdaq,QCRH
nasdaq,QD
nasdaq,QDEL
nasdaq,QETA
nasdaq,QETAR
nasdaq,QETAU
nasdaq,QFIN
nasdaq,QGEN
nasdaq,QH
nasdaq,QIPT
nasdaq,QLGN
nasdaq,QLYS
nasdaq,QMCO
nasdaq,QMMM
nasdaq,QNCX
nasdaq,QNRX
nasdaq,QNST
nasdaq,QNTM
nasdaq,QQQX
nasdaq,QRHC
nasdaq,QRTEA
nasdaq,QRTEB
nasdaq,QRTEP
nasdaq,QRVO
nasdaq,QS
nasdaq,QSG
nasdaq,QSI
nasdaq,QSIAW
nasdaq,QSR
nasdaq,QTI
nasdaq,QTRX
nasdaq,QTTB
nasdaq,QTWO
nasdaq,QUAD
nasdaq,QUBT
nasdaq,QUIK
nasdaq,QURE
nasdaq,QVCC
nasdaq,QVCD
nasdaq,QXO
nasdaq,R
nasdaq,RA
nasdaq,RACE
nasdaq,RADX
nasdaq,RAIL
nasdaq,RAIN
nasdaq,RAINW
nasdaq,RAMP
nasdaq,RAND
nasdaq,RANG
nasdaq,RANGU
nasdaq,RANI
nasdaq,RAPP
nasdaq,RAPT
nasdaq,RARE
nasdaq,RAVE
nasdaq,RAY
nasdaq,RAYA
nasdaq,RBA
nasdaq,RBB
nasdaq,RBBN
nasdaq,RBC
nasdaq,RBCAA
nasdaq,RBKB
nasdaq,RBLX
nasdaq,RBOT
nasdaq,RBRK
nasdaq,RC
nasdaq,RC^C
nasdaq,RC^E
nasdaq,RCAT
nasdaq,RCB
nasdaq,RCC
nasdaq,RCD
nasdaq,RCEL
nasdaq,RCG
nasdaq,RCI
nasdaq,RCKT
nasdaq,RCKTW
nasdaq,RCKY
nasdaq,RCL
nasdaq,RCMT
nasdaq,RCON
nasdaq,RCS
nasdaq,RCUS
nasdaq,RDAC
nasdaq,RDACR
nasdaq,RDCM
nasdaq,RDDT
nasdaq,RDFN
nasdaq,RDHL
nasdaq,RDI
nasdaq,RDIB
nasdaq,RDN
nasdaq,RDNT
nasdaq,RDUS
nasdaq,RDVT
nasdaq,RDW
nasdaq,RDWR
nasdaq,RDY
nasdaq,RDZN
nasdaq,RDZNW
nasdaq,REAL
nasdaq,REAX
nasdaq,REBN
nasdaq,RECT
nasdaq,REE
nasdaq,REFI
nasdaq,REFR
nasdaq,REG
nasdaq,REGCO
nasdaq,REGCP
nasdaq,REGN
nasdaq,REI
nasdaq,REKR
nasdaq,RELI
nasdaq,RELIW
nasdaq,RELL
nasdaq,RELX
nasdaq,RELY
nasdaq,RENB
nasdaq,RENE
nasdaq,RENT
nasdaq,REPL
nasdaq,REPX
nasdaq,RERE
nasdaq,RES
nasdaq,RETO
nasdaq,REVB
nasdaq,REVBW
nasdaq,REVG
nasdaq,REX
nasdaq,REXR
nasdaq,REXR^B
nasdaq,REXR^C
nasdaq,REYN
nasdaq,REZI
nasdaq,RF
nasdaq,RF^C
nasdaq,RF^E
nasdaq,RF^F
nasdaq,RFAC
nasdaq,RFACR
nasdaq,RFACU
nasdaq,RFACW
nasdaq,RFAI
nasdaq,RFAIR
nasdaq,RFI
nasdaq,RFIL
nasdaq,RFL
nasdaq,RFM
nasdaq,RFMZ
nasdaq,RGA
nasdaq,RGC
nasdaq,RGCO
nasdaq,RGEN
nasdaq,RGLD
nasdaq,RGLS
nasdaq,RGNX
nasdaq,RGP
nasdaq,RGR
nasdaq,RGS
nasdaq,RGT
nasdaq,RGTI
nasdaq,RGTIW
nasdaq,RH
nasdaq,RHE
nasdaq,RHE^A
nasdaq,RHI
nasdaq,RHP
nasdaq,RIBBU
nasdaq,RICK
nasdaq,RIG
nasdaq,RIGL
nasdaq,RILY
nasdaq,RILYG
nasdaq,RILYK
nasdaq,RILYL
nasdaq,RILYM
nasdaq,RILYN
nasdaq,RILYP
nasdaq,RILYT
nasdaq,RILYZ
nasdaq,RIME
nasdaq,RIO
nasdaq,RIOT
nasdaq,RITM
nasdaq,RITM^A
nasdaq,RITM^B
nasdaq,RITM^C
nasdaq,RITM^D
nasdaq,RITR
nasdaq,RIV
nasdaq,RIV^A
nasdaq,RIVN
nasdaq,RJF
nasdaq,RJF^B
nasdaq,RKDA
nasdaq,RKLB
nasdaq,RKT
nasdaq,RL
nasdaq,RLAY
nasdaq,RLGT
nasdaq,RLI
nasdaq,RLJ
nasdaq,RLJ^A
nasdaq,RLMD
nasdaq,RLTY
nasdaq,RLX
nasdaq,RLYB
nasdaq,RM
nasdaq,RMAX
nasdaq,RMBI
nasdaq,RMBL
nasdaq,RMBS
nasdaq,RMCF
nasdaq,RMCO
nasdaq,RMD
nasdaq,RMI
nasdaq,RMM
nasdaq,RMMZ
nasdaq,RMNI
nasdaq,RMR
nasdaq,RMSG
nasdaq,RMSGW
nasdaq,RMT
nasdaq,RMTI
nasdaq,RNA
nasdaq,RNAC
nasdaq,RNAZ
nasdaq,RNG
nasdaq,RNGR
nasdaq,RNP
nasdaq,RNR
nasdaq,RNR^F
nasdaq,RNR^G
nasdaq,RNST
nasdaq,RNTX
nasdaq,RNW
nasdaq,RNXT
nasdaq,ROAD
nasdaq,ROCK
nasdaq,ROG
nasdaq,ROIC
nasdaq,ROIV
nasdaq,ROK
nasdaq,ROKU
nasdaq,ROL
nasdaq,ROLR
nasdaq,ROMA
nasdaq,ROOT
nasdaq,ROP
nasdaq,ROST
nasdaq,RPAY
nasdaq,RPD
nasdaq,RPID
nasdaq,RPM
nasdaq,RPRX
nasdaq,RPT
nasdaq,RPTX
nasdaq,RQI
nasdaq,RR
nasdaq,RRBI
nasdaq,RRC
nasdaq,RRGB
nasdaq,RRR
nasdaq,RRX
nasdaq,RS
nasdaq,RSF
nasdaq,RSG
nasdaq,RSI
nasdaq,RSKD
nasdaq,RSLS
nasdaq,RSSS
nasdaq,RSVR
nasdaq,RTC
nasdaq,RTO
nasdaq,RTX
nasdaq,RUM
nasdaq,RUMBW
nasdaq,RUN
nasdaq,RUSHA
nasdaq,RUSHB
nasdaq,RVLV
nasdaq,RVMD
nasdaq,RVMDW
nasdaq,RVNC
nasdaq,RVP
nasdaq,RVPH
nasdaq,RVPHW
nasdaq,RVSB
nasdaq,RVSN
nasdaq,RVSNW
nasdaq,RVT
nasdaq,RVTY
nasdaq,RVYL
nasdaq,RWAY
nasdaq,RWAYL
nasdaq,RWAYZ
nasdaq,RWT
nasdaq,RWT^A
nasdaq,RWTN
nasdaq,RWTO
nasdaq,RXO
nasdaq,RXRX
nasdaq,RXST
nasdaq,RXT
nasdaq,RY
nasdaq,RYAAY
nasdaq,RYAM
nasdaq,RYAN
nasdaq,RYDE
nasdaq,RYI
nasdaq,RYN
nasdaq,RYTM
nasdaq,RZB
nasdaq,RZC
nasdaq,RZLT
nasdaq,RZLV
nasdaq,RZLVW
nasdaq,S
nasdaq,SA
nasdaq,SABA
nasdaq,SABR
nasdaq,SABS
nasdaq,SABSW
nasdaq,SACH
nasdaq,SACH^A
nasdaq,SAFE
nasdaq,SAFT
nasdaq,SAG
nasdaq,SAGE
nasdaq,SAH
nasdaq,SAIA
nasdaq,SAIC
nasdaq,SAIH
nasdaq,SAJ
nasdaq,SAM
nasdaq,SAMG
nasdaq,SAN
nasdaq,SANA
nasdaq,SAND          
nasdaq,SANG
nasdaq,SANM
nasdaq,SANW
nasdaq,SAP
nasdaq,SAR
nasdaq,SARO
nasdaq,SASR
nasdaq,SAT
nasdaq,SATL
nasdaq,SATLW
nasdaq,SATS
nasdaq,SATX
nasdaq,SAVA
nasdaq,SAY
nasdaq,SAZ
nasdaq,SB
nasdaq,SB^C
nasdaq,SB^D
nasdaq,SBAC
nasdaq,SBBA
nasdaq,SBC
nasdaq,SBCF
nasdaq,SBCWW
nasdaq,SBET
nasdaq,SBEV
nasdaq,SBFG
nasdaq,SBFM
nasdaq,SBFMW
nasdaq,SBGI
nasdaq,SBH
nasdaq,SBI
nasdaq,SBLK
nasdaq,SBR
nasdaq,SBRA
nasdaq,SBS
nasdaq,SBSI
nasdaq,SBSW
nasdaq,SBT
nasdaq,SBUX
nasdaq,SBXD
nasdaq,SCCC
nasdaq,SCCD
nasdaq,SCCE
nasdaq,SCCF
nasdaq,SCCG
nasdaq,SCCO
nasdaq,SCD
nasdaq,SCE^G
nasdaq,SCE^J
nasdaq,SCE^K
nasdaq,SCE^L
nasdaq,SCE^M
nasdaq,SCE^N
nasdaq,SCHL
nasdaq,SCHW
nasdaq,SCHW^D
nasdaq,SCHW^J
nasdaq,SCI
nasdaq,SCKT
nasdaq,SCL
nasdaq,SCLX
nasdaq,SCLXW
nasdaq,SCM
nasdaq,SCNI
nasdaq,SCNX
nasdaq,SCOR
nasdaq,SCPH
nasdaq,SCPX
nasdaq,SCS
nasdaq,SCSC
nasdaq,SCVL
nasdaq,SCWO
nasdaq,SCWX
nasdaq,SCYX
nasdaq,SD
nasdaq,SDA
nasdaq,SDAWW
nasdaq,SDGR
nasdaq,SDHC
nasdaq,SDHY
nasdaq,SDIG
nasdaq,SDOT
nasdaq,SDRL
nasdaq,SDST
nasdaq,SDSTW
nasdaq,SE
nasdaq,SEAL^A
nasdaq,SEAL^B
nasdaq,SEAT
nasdaq,SEATW
nasdaq,SEB
nasdaq,SEDG
nasdaq,SEE
nasdaq,SEED
nasdaq,SEER
nasdaq,SEG
nasdaq,SEI
nasdaq,SEIC
nasdaq,SELF
nasdaq,SELX
nasdaq,SEM
nasdaq,SEMR
nasdaq,SENEA
nasdaq,SENEB
nasdaq,SENS
nasdaq,SEPN
nasdaq,SER
nasdaq,SERA
nasdaq,SERV
nasdaq,SES
nasdaq,SEVN
nasdaq,SEZL
nasdaq,SF
nasdaq,SF^B
nasdaq,SF^C
nasdaq,SF^D
nasdaq,SFB
nasdaq,SFBC
nasdaq,SFBS
nasdaq,SFHG
nasdaq,SFIX
nasdaq,SFL
nasdaq,SFM
nasdaq,SFNC
nasdaq,SFST
nasdaq,SFWL
nasdaq,SG
nasdaq,SGA
nasdaq,SGBX
nasdaq,SGC
nasdaq,SGD
nasdaq,SGHC
nasdaq,SGHT
nasdaq,SGLY
nasdaq,SGMA
nasdaq,SGML
nasdaq,SGMO
nasdaq,SGMT
nasdaq,SGN
nasdaq,SGRP
nasdaq,SGRY
nasdaq,SGU
nasdaq,SHAK
nasdaq,SHBI
nasdaq,SHC
nasdaq,SHCO
nasdaq,SHEL
nasdaq,SHEN
nasdaq,SHFS
nasdaq,SHFSW
nasdaq,SHG
nasdaq,SHIM
nasdaq,SHIP
nasdaq,SHLS
nasdaq,SHLT
nasdaq,SHMD
nasdaq,SHMDW
nasdaq,SHO
nasdaq,SHO^H
nasdaq,SHO^I
nasdaq,SHOO
nasdaq,SHOP
nasdaq,SHOT
nasdaq,SHOTW
nasdaq,SHPH
nasdaq,SHW
nasdaq,SHYF
nasdaq,SIBN
nasdaq,SID
nasdaq,SIDU
nasdaq,SIEB
nasdaq,SIF
nasdaq,SIFY
nasdaq,SIG
nasdaq,SIGA
nasdaq,SIGI
nasdaq,SIGIP
nasdaq,SII
nasdaq,SILA
nasdaq,SILC
nasdaq,SILO
nasdaq,SILV
nasdaq,SIM
nasdaq,SIMA
nasdaq,SIMAW
nasdaq,SIMO
nasdaq,SINT
nasdaq,SIRI
nasdaq,SISI
nasdaq,SITC
nasdaq,SITE
nasdaq,SITM
nasdaq,SJ
nasdaq,SJM
nasdaq,SJT
nasdaq,SJW
nasdaq,SKE
nasdaq,SKGR
nasdaq,SKGRW
nasdaq,SKIL
nasdaq,SKIN
nasdaq,SKK
nasdaq,SKLZ
nasdaq,SKM
nasdaq,SKT
nasdaq,SKWD
nasdaq,SKX
nasdaq,SKY
nasdaq,SKYE
nasdaq,SKYH
nasdaq,SKYQ
nasdaq,SKYT
nasdaq,SKYW
nasdaq,SKYX
nasdaq,SLAB
nasdaq,SLB
nasdaq,SLDB
nasdaq,SLDP
nasdaq,SLDPW
nasdaq,SLE
nasdaq,SLF
nasdaq,SLG
nasdaq,SLG^I
nasdaq,SLGL
nasdaq,SLGN
nasdaq,SLI
nasdaq,SLM
nasdaq,SLMBP
nasdaq,SLN
nasdaq,SLND
nasdaq,SLNG
nasdaq,SLNH
nasdaq,SLNHP
nasdaq,SLNO
nasdaq,SLP
nasdaq,SLQT
nasdaq,SLRC
nasdaq,SLRN
nasdaq,SLRX
nasdaq,SLS
nasdaq,SLSR
nasdaq,SLVM
nasdaq,SLXN
nasdaq,SM
nasdaq,SMBC
nasdaq,SMBK
nasdaq,SMC
nasdaq,SMCI
nasdaq,SMFG
nasdaq,SMG
nasdaq,SMHI
nasdaq,SMID
nasdaq,SMLR
nasdaq,SMMT
nasdaq,SMTC
nasdaq,SMTI
nasdaq,SMTK
nasdaq,SMWB
nasdaq,SMX
nasdaq,SMXT
nasdaq,SMXWW
nasdaq,SN
nasdaq,SNA
nasdaq,SNAL
nasdaq,SNAP
nasdaq,SNAX
nasdaq,SNAXW
nasdaq,SNBR
nasdaq,SNCR
nasdaq,SNCRL
nasdaq,SNCY
nasdaq,SND
nasdaq,SNDA
nasdaq,SNDL
nasdaq,SNDR
nasdaq,SNDX
nasdaq,SNES
nasdaq,SNEX
nasdaq,SNFCA
nasdaq,SNGX
nasdaq,SNN
nasdaq,SNOA
nasdaq,SNOW
nasdaq,SNPS
nasdaq,SNPX
nasdaq,SNRE
nasdaq,SNSE
nasdaq,SNT
nasdaq,SNTG
nasdaq,SNTI
nasdaq,SNV
nasdaq,SNV^D
nasdaq,SNV^E
nasdaq,SNX
nasdaq,SNY
nasdaq,SNYR
nasdaq,SO
nasdaq,SOAR
nasdaq,SOBO
nasdaq,SOBR
nasdaq,SOC
nasdaq,SOFI
nasdaq,SOGP
nasdaq,SOHO
nasdaq,SOHOB
nasdaq,SOHON
nasdaq,SOHOO
nasdaq,SOHU
nasdaq,SOJC
nasdaq,SOJD
nasdaq,SOJE
nasdaq,SOJF
nasdaq,SOL
nasdaq,SOLV
nasdaq,SON
nasdaq,SOND
nasdaq,SONDW
nasdaq,SONM
nasdaq,SONN
nasdaq,SONO
nasdaq,SONY
nasdaq,SOPA
nasdaq,SOPH
nasdaq,SOR
nasdaq,SOS
nasdaq,SOTK
nasdaq,SOUN
nasdaq,SOUNW
nasdaq,SOWG
nasdaq,SPAI
nasdaq,SPB
nasdaq,SPCB
nasdaq,SPCE
nasdaq,SPE
nasdaq,SPE^C
nasdaq,SPFI
nasdaq,SPG
nasdaq,SPG^J
nasdaq,SPGC
nasdaq,SPGI
nasdaq,SPH
nasdaq,SPHAU
nasdaq,SPHL
nasdaq,SPHR
nasdaq,SPIR
nasdaq,SPKL
nasdaq,SPKLW
nasdaq,SPLP
nasdaq,SPLP^A
nasdaq,SPMA
nasdaq,SPMC
nasdaq,SPNS
nasdaq,SPNT
nasdaq,SPNT^B
nasdaq,SPOK
nasdaq,SPOT
nasdaq,SPPL
nasdaq,SPR
nasdaq,SPRB
nasdaq,SPRC
nasdaq,SPRO
nasdaq,SPRU
nasdaq,SPRY
nasdaq,SPSC
nasdaq,SPT
nasdaq,SPTN
nasdaq,SPWH
nasdaq,SPXC
nasdaq,SPXX
nasdaq,SQFT
nasdaq,SQFTP
nasdaq,SQFTW
nasdaq,SQM
nasdaq,SQNS
nasdaq,SR
nasdaq,SR^A
nasdaq,SRAD
nasdaq,SRBK
nasdaq,SRCE
nasdaq,SRDX
nasdaq,SRE
nasdaq,SREA
nasdaq,SRFM
nasdaq,SRG
nasdaq,SRG^A
nasdaq,SRI
nasdaq,SRL
nasdaq,SRM
nasdaq,SRPT
nasdaq,SRRK
nasdaq,SRTS
nasdaq,SRV
nasdaq,SRZN
nasdaq,SSB
nasdaq,SSBI
nasdaq,SSBK
nasdaq,SSD
nasdaq,SSKN
nasdaq,SSL
nasdaq,SSNC
nasdaq,SSP
nasdaq,SSRM
nasdaq,SSSS
nasdaq,SSSSL
nasdaq,SST
nasdaq,SSTI
nasdaq,SSTK
nasdaq,SSY
nasdaq,SSYS
nasdaq,ST
nasdaq,STAA
nasdaq,STAF
nasdaq,STAG
nasdaq,STAI
nasdaq,STBA
nasdaq,STBX
nasdaq,STC
nasdaq,STE
nasdaq,STEC
nasdaq,STEL
nasdaq,STEM
nasdaq,STEP
nasdaq,STEW
nasdaq,STFS
nasdaq,STG
nasdaq,STGW
nasdaq,STHO
nasdaq,STI
nasdaq,STIM
nasdaq,STK
nasdaq,STKH
nasdaq,STKL
nasdaq,STKS
nasdaq,STLA
nasdaq,STLD
nasdaq,STM
nasdaq,STN
nasdaq,STNE
nasdaq,STNG
nasdaq,STOK
nasdaq,STR
nasdaq,STRA
nasdaq,STRL
nasdaq,STRM
nasdaq,STRO
nasdaq,STRR
nasdaq,STRRP
nasdaq,STRS
nasdaq,STRT
nasdaq,STRW
nasdaq,STSS
nasdaq,STSSW
nasdaq,STT
nasdaq,STT^G
nasdaq,STTK
nasdaq,STVN
nasdaq,STWD
nasdaq,STX
nasdaq,STXS
nasdaq,STZ
nasdaq,SU
nasdaq,SUGP
nasdaq,SUI
nasdaq,SUM
nasdaq,SUN
nasdaq,SUNE
nasdaq,SUNS
nasdaq,SUP
nasdaq,SUPN
nasdaq,SUPV
nasdaq,SURG
nasdaq,SUUN
nasdaq,SUZ
nasdaq,SVC
nasdaq,SVCO
nasdaq,SVII
nasdaq,SVIIR
nasdaq,SVIIU
nasdaq,SVIIW
nasdaq,SVM
nasdaq,SVRA
nasdaq,SVRE
nasdaq,SVT
nasdaq,SVV
nasdaq,SW
nasdaq,SWAG
nasdaq,SWAGW
nasdaq,SWBI
nasdaq,SWI
nasdaq,SWIM
nasdaq,SWIN
nasdaq,SWK
nasdaq,SWKH
nasdaq,SWKHL
nasdaq,SWKS
nasdaq,SWTX
nasdaq,SWVL
nasdaq,SWVLW
nasdaq,SWX
nasdaq,SWZ
nasdaq,SXC
nasdaq,SXI
nasdaq,SXT
nasdaq,SXTC
nasdaq,SXTP
nasdaq,SXTPW
nasdaq,SY
nasdaq,SYBT
nasdaq,SYBX
nasdaq,SYF
nasdaq,SYF^A
nasdaq,SYF^B
nasdaq,SYK
nasdaq,SYM
nasdaq,SYNA
nasdaq,SYNX
nasdaq,SYPR
nasdaq,SYRA
nasdaq,SYRE
nasdaq,SYRS
nasdaq,SYT
nasdaq,SYTA
nasdaq,SYTAW
nasdaq,SYY
nasdaq,T
nasdaq,T^A
nasdaq,T^C
nasdaq,TAC
nasdaq,TACT
nasdaq,TAIT
nasdaq,TAK
nasdaq,TAL
nasdaq,TALK
nasdaq,TALKW
nasdaq,TALO
nasdaq,TANH
nasdaq,TAOP
nasdaq,TAP
nasdaq,TARA
nasdaq,TARS
nasdaq,TASK
nasdaq,TATT
nasdaq,TAVI
nasdaq,TAVIU
nasdaq,TAYD
nasdaq,TBB
nasdaq,TBBB
nasdaq,TBBK
nasdaq,TBCH
nasdaq,TBI
nasdaq,TBLA
nasdaq,TBLAW
nasdaq,TBLD
nasdaq,TBMC
nasdaq,TBN
nasdaq,TBNK
nasdaq,TBPH
nasdaq,TBRG
nasdaq,TC
nasdaq,TCBI
nasdaq,TCBIO
nasdaq,TCBK
nasdaq,TCBP
nasdaq,TCBPW
nasdaq,TCBS
nasdaq,TCBX
nasdaq,TCI
nasdaq,TCMD
nasdaq,TCOM
nasdaq,TCPC
nasdaq,TCRT
nasdaq,TCRX
nasdaq,TCTM
nasdaq,TCX
nasdaq,TD
nasdaq,TDACU
nasdaq,TDC
nasdaq,TDF
nasdaq,TDG
nasdaq,TDOC
nasdaq,TDS
nasdaq,TDS^U
nasdaq,TDS^V
nasdaq,TDTH
nasdaq,TDUP
nasdaq,TDW
nasdaq,TDY
nasdaq,TEAF
nasdaq,TEAM
nasdaq,TECH
nasdaq,TECK
nasdaq,TECTP
nasdaq,TECX
nasdaq,TEF
nasdaq,TEI
nasdaq,TEL
nasdaq,TELA
nasdaq,TELO
nasdaq,TEM
nasdaq,TEN
nasdaq,TEN^E
nasdaq,TEN^F
nasdaq,TENB
nasdaq,TENX
nasdaq,TEO
nasdaq,TER
nasdaq,TERN
nasdaq,TETE
nasdaq,TETEW
nasdaq,TEVA
nasdaq,TEX
nasdaq,TFC
nasdaq,TFC^I
nasdaq,TFC^O
nasdaq,TFC^R
nasdaq,TFII
nasdaq,TFIN
nasdaq,TFINP
nasdaq,TFPM
nasdaq,TFSA
nasdaq,TFSL
nasdaq,TFX
nasdaq,TG
nasdaq,TGB
nasdaq,TGI
nasdaq,TGL
nasdaq,TGLS
nasdaq,TGNA
nasdaq,TGS
nasdaq,TGT
nasdaq,TGTX
nasdaq,TH
nasdaq,THAR
nasdaq,THC
nasdaq,THCH
nasdaq,THFF
nasdaq,THG
nasdaq,THM
nasdaq,THO
nasdaq,THQ
nasdaq,THR
nasdaq,THRD
nasdaq,THRM
nasdaq,THRY
nasdaq,THS
nasdaq,THTX
nasdaq,THW
nasdaq,TIGO
nasdaq,TIGR
nasdaq,TIL
nasdaq,TILE
nasdaq,TIMB
nasdaq,TIPT
nasdaq,TIRX
nasdaq,TISI
nasdaq,TITN
nasdaq,TIVC
nasdaq,TIXT
nasdaq,TJX
nasdaq,TK
nasdaq,TKC
nasdaq,TKLF
nasdaq,TKNO
nasdaq,TKO
nasdaq,TKR
nasdaq,TLF
nasdaq,TLK
nasdaq,TLN
nasdaq,TLPH
nasdaq,TLRY
nasdaq,TLS
nasdaq,TLSA
nasdaq,TLSI
nasdaq,TLSIW
nasdaq,TLX
nasdaq,TLYS
nasdaq,TM
nasdaq,TMC
nasdaq,TMCI
nasdaq,TMCWW
nasdaq,TMDX
nasdaq,TME
nasdaq,TMHC
nasdaq,TMO
nasdaq,TMP
nasdaq,TMQ
nasdaq,TMUS
nasdaq,TNC
nasdaq,TNDM
nasdaq,TNET
nasdaq,TNFA
nasdaq,TNGX
nasdaq,TNK
nasdaq,TNL
nasdaq,TNMG
nasdaq,TNON
nasdaq,TNONW
nasdaq,TNXP
nasdaq,TNYA
nasdaq,TOI
nasdaq,TOIIW
nasdaq,TOL
nasdaq,TOMZ
nasdaq,TOON
nasdaq,TOP
nasdaq,TOPS
nasdaq,TORO
nasdaq,TOST
nasdaq,TOUR
nasdaq,TOVX
nasdaq,TOWN
nasdaq,TOYO
nasdaq,TPB
nasdaq,TPC
nasdaq,TPCS
nasdaq,TPET
nasdaq,TPG
nasdaq,TPGXL
nasdaq,TPH
nasdaq,TPIC
nasdaq,TPL
nasdaq,TPR
nasdaq,TPST
nasdaq,TPTA
nasdaq,TPVG
nasdaq,TPX
nasdaq,TR
nasdaq,TRAK
nasdaq,TRAW
nasdaq,TRC
nasdaq,TRDA
nasdaq,TREE
nasdaq,TREX
nasdaq,TRGP
nasdaq,TRI
nasdaq,TRIB
nasdaq,TRIN
nasdaq,TRINI
nasdaq,TRINZ
nasdaq,TRIP
nasdaq,TRMB
nasdaq,TRMD
nasdaq,TRMK
nasdaq,TRML
nasdaq,TRN
nasdaq,TRNO
nasdaq,TRNR
nasdaq,TRNS
nasdaq,TROO
nasdaq,TROW
nasdaq,TROX
nasdaq,TRP
nasdaq,TRS
nasdaq,TRSG
nasdaq,TRST
nasdaq,TRT
nasdaq,TRTN^A
nasdaq,TRTN^B
nasdaq,TRTN^C
nasdaq,TRTN^D
nasdaq,TRTN^E
nasdaq,TRTX
nasdaq,TRTX^C
nasdaq,TRU
nasdaq,TRUE
nasdaq,TRUG
nasdaq,TRUP
nasdaq,TRV
nasdaq,TRVG
nasdaq,TRVI
nasdaq,TRX
nasdaq,TS
nasdaq,TSAT
nasdaq,TSBK
nasdaq,TSBX
nasdaq,TSCO
nasdaq,TSE
nasdaq,TSEM
nasdaq,TSHA
nasdaq,TSI
nasdaq,TSLA
nasdaq,TSLX
nasdaq,TSM
nasdaq,TSN
nasdaq,TSQ
nasdaq,TSSI
nasdaq,TSVT
nasdaq,TT
nasdaq,TTAN
nasdaq,TTC
nasdaq,TTD
nasdaq,TTE
nasdaq,TTEC
nasdaq,TTEK
nasdaq,TTGT
nasdaq,TTI
nasdaq,TTMI
nasdaq,TTNP
nasdaq,TTOO
nasdaq,TTSH
nasdaq,TTWO
nasdaq,TU
nasdaq,TURB
nasdaq,TURN
nasdaq,TUSK
nasdaq,TUYA
nasdaq,TV
nasdaq,TVC
nasdaq,TVE
nasdaq,TVGN
nasdaq,TVGNW
nasdaq,TVTX
nasdaq,TW
nasdaq,TWFG
nasdaq,TWG
nasdaq,TWI
nasdaq,TWIN
nasdaq,TWLO
nasdaq,TWN
nasdaq,TWO
nasdaq,TWO^A
nasdaq,TWO^B
nasdaq,TWO^C
nasdaq,TWST
nasdaq,TX
nasdaq,TXG
nasdaq,TXMD
nasdaq,TXN
nasdaq,TXNM
nasdaq,TXO
nasdaq,TXRH
nasdaq,TXT
nasdaq,TY
nasdaq,TY^
nasdaq,TYG
nasdaq,TYGO
nasdaq,TYL
nasdaq,TYRA
nasdaq,TZOO
nasdaq,TZUP
nasdaq,U
nasdaq,UA
nasdaq,UAA
nasdaq,UAL
nasdaq,UAMY
nasdaq,UAN
nasdaq,UAVS
nasdaq,UBCP
nasdaq,UBER
nasdaq,UBFO
nasdaq,UBS
nasdaq,UBSI
nasdaq,UBX
nasdaq,UBXG
nasdaq,UCAR
nasdaq,UCB
nasdaq,UCB^I
nasdaq,UCL
nasdaq,UCTT
nasdaq,UDMY
nasdaq,UDR
nasdaq,UE
nasdaq,UEC
nasdaq,UEIC
nasdaq,UFCS
nasdaq,UFG
nasdaq,UFI
nasdaq,UFPI
nasdaq,UFPT
nasdaq,UG
nasdaq,UGI
nasdaq,UGP
nasdaq,UGRO
nasdaq,UHAL
nasdaq,UHG
nasdaq,UHGWW
nasdaq,UHS
nasdaq,UHT
nasdaq,UI
nasdaq,UIS
nasdaq,UK
nasdaq,UL
nasdaq,ULBI
nasdaq,ULCC
nasdaq,ULH
nasdaq,ULS
nasdaq,ULTA
nasdaq,ULY
nasdaq,UMAC
nasdaq,UMBF
nasdaq,UMC
nasdaq,UMH
nasdaq,UMH^D
nasdaq,UNB
nasdaq,UNCY
nasdaq,UNF
nasdaq,UNFI
nasdaq,UNH
nasdaq,UNIT
nasdaq,UNM
nasdaq,UNMA
nasdaq,UNP
nasdaq,UNTY
nasdaq,UOKA
nasdaq,UONE
nasdaq,UONEK
nasdaq,UP
nasdaq,UPB
nasdaq,UPBD
nasdaq,UPC
nasdaq,UPLD
nasdaq,UPS
nasdaq,UPST
nasdaq,UPWK
nasdaq,UPXI
nasdaq,URBN
nasdaq,URG
nasdaq,URGN
nasdaq,URI
nasdaq,UROY
nasdaq,USA
nasdaq,USAC
nasdaq,USAP
nasdaq,USAS
nasdaq,USAU
nasdaq,USB
nasdaq,USB^A
nasdaq,USB^H
nasdaq,USB^P
nasdaq,USB^Q
nasdaq,USB^R
nasdaq,USB^S
nasdaq,USCB
nasdaq,USEA
nasdaq,USEG
nasdaq,USFD
nasdaq,USGO
nasdaq,USGOW
nasdaq,USIO
nasdaq,USLM
nasdaq,USM
nasdaq,USNA
nasdaq,USPH
nasdaq,UTF
nasdaq,UTG
nasdaq,UTHR
nasdaq,UTI
nasdaq,UTL
nasdaq,UTMD
nasdaq,UTSI
nasdaq,UTZ
nasdaq,UUU
nasdaq,UUUU
nasdaq,UVE
nasdaq,UVSP
nasdaq,UVV
nasdaq,UWMC
nasdaq,UXIN
nasdaq,UZD
nasdaq,UZE
nasdaq,UZF
nasdaq,V
nasdaq,VABK
nasdaq,VAC
nasdaq,VACH
nasdaq,VACHW
nasdaq,VAL
nasdaq,VALE
nasdaq,VALN
nasdaq,VALU
nasdaq,VANI
nasdaq,VATE
nasdaq,VBF
nasdaq,VBFC
nasdaq,VBNK
nasdaq,VBTX
nasdaq,VC
nasdaq,VCEL
nasdaq,VCIC
nasdaq,VCICU
nasdaq,VCICW
nasdaq,VCIG
nasdaq,VCSA
nasdaq,VCTR
nasdaq,VCV
nasdaq,VCYT
nasdaq,VECO
nasdaq,VEEA
nasdaq,VEEAW
nasdaq,VEEE
nasdaq,VEEV
nasdaq,VEL
nasdaq,VENU
nasdaq,VEON
nasdaq,VERA
nasdaq,VERB
nasdaq,VERI
nasdaq,VERO
nasdaq,VERU
nasdaq,VERV
nasdaq,VERX
nasdaq,VET
nasdaq,VFC
nasdaq,VFF
nasdaq,VFL
nasdaq,VFS
nasdaq,VFSWW
nasdaq,VGAS
nasdaq,VGASW
nasdaq,VGI
nasdaq,VGM
nasdaq,VGZ
nasdaq,VHC
nasdaq,VHI
nasdaq,VIASP
nasdaq,VIAV
nasdaq,VICI
nasdaq,VICR
nasdaq,VIGL
nasdaq,VIK
nasdaq,VINC
nasdaq,VINE
nasdaq,VINP
nasdaq,VIOT
nasdaq,VIPS
nasdaq,VIR
nasdaq,VIRC
nasdaq,VIRT
nasdaq,VIRX
nasdaq,VISL
nasdaq,VIST
nasdaq,VITL
nasdaq,VIV
nasdaq,VIVK
nasdaq,VKI
nasdaq,VKQ
nasdaq,VKTX
nasdaq,VLCN
nasdaq,VLGEA
nasdaq,VLN
nasdaq,VLO
nasdaq,VLRS
nasdaq,VLT
nasdaq,VLTO
nasdaq,VLY
nasdaq,VLYPN
nasdaq,VLYPO
nasdaq,VLYPP
nasdaq,VMAR
nasdaq,VMC
nasdaq,VMCA
nasdaq,VMCAW
nasdaq,VMD
nasdaq,VMEO
nasdaq,VMI
nasdaq,VMO
nasdaq,VNCE
nasdaq,VNDA
nasdaq,VNET
nasdaq,VNO
nasdaq,VNO^L
nasdaq,VNO^M
nasdaq,VNO^N
nasdaq,VNO^O
nasdaq,VNOM
nasdaq,VNRX
nasdaq,VNT
nasdaq,VOC
nasdaq,VOD
nasdaq,VOR
nasdaq,VOXR
nasdaq,VOXX
nasdaq,VOYA
nasdaq,VOYA^B
nasdaq,VPG
nasdaq,VPV
nasdaq,VRA
nasdaq,VRAR
nasdaq,VRAX
nasdaq,VRCA
nasdaq,VRDN
nasdaq,VRE
nasdaq,VREX
nasdaq,VRME
nasdaq,VRMEW
nasdaq,VRN
nasdaq,VRNA
nasdaq,VRNS
nasdaq,VRNT
nasdaq,VRPX
nasdaq,VRRM
nasdaq,VRSK
nasdaq,VRSN
nasdaq,VRT
nasdaq,VRTS
nasdaq,VRTX
nasdaq,VS
nasdaq,VSAT
nasdaq,VSCO
nasdaq,VSEC
nasdaq,VSEE
nasdaq,VSEEW
nasdaq,VSH
nasdaq,VSME
nasdaq,VSSYW
nasdaq,VST
nasdaq,VSTA
nasdaq,VSTE
nasdaq,VSTEW
nasdaq,VSTM
nasdaq,VSTS
nasdaq,VTAK
nasdaq,VTEX
nasdaq,VTGN
nasdaq,VTLE
nasdaq,VTMX
nasdaq,VTN
nasdaq,VTOL
nasdaq,VTR
nasdaq,VTRS
nasdaq,VTS
nasdaq,VTSI
nasdaq,VTVT
nasdaq,VTYX
nasdaq,VUZI
nasdaq,VVOS
nasdaq,VVPR
nasdaq,VVR
nasdaq,VVV
nasdaq,VVX
nasdaq,VXRT
nasdaq,VYGR
nasdaq,VYNE
nasdaq,VYX
nasdaq,VZ
nasdaq,VZLA
nasdaq,W
nasdaq,WAB
nasdaq,WABC
nasdaq,WAFD
nasdaq,WAFDP
nasdaq,WAFU
nasdaq,WAI
nasdaq,WAL
nasdaq,WAL^A
nasdaq,WALD
nasdaq,WALDW
nasdaq,WASH
nasdaq,WAT
nasdaq,WATT
nasdaq,WAVE
nasdaq,WAVS
nasdaq,WAVSU
nasdaq,WAVSW
nasdaq,WAY
nasdaq,WB
nasdaq,WBA
nasdaq,WBD
nasdaq,WBS
nasdaq,WBS^F
nasdaq,WBS^G
nasdaq,WBTN
nasdaq,WBUY
nasdaq,WBX
nasdaq,WCC
nasdaq,WCC^A
nasdaq,WCN
nasdaq,WCT
nasdaq,WD
nasdaq,WDAY
nasdaq,WDC
nasdaq,WDFC
nasdaq,WDH
nasdaq,WDI
nasdaq,WDS
nasdaq,WEA
nasdaq,WEAV
nasdaq,WEC
nasdaq,WELL
nasdaq,WEN
nasdaq,WERN
nasdaq,WES
nasdaq,WEST
nasdaq,WETH
nasdaq,WEX
nasdaq,WEYS
nasdaq,WF
nasdaq,WFC
nasdaq,WFC^A
nasdaq,WFC^C
nasdaq,WFC^D
nasdaq,WFC^L
nasdaq,WFC^Y
nasdaq,WFC^Z
nasdaq,WFCF
nasdaq,WFG
nasdaq,WFRD
nasdaq,WGO
nasdaq,WGS
nasdaq,WGSWW
nasdaq,WH
nasdaq,WHD
nasdaq,WHF
nasdaq,WHFCL
nasdaq,WHG
nasdaq,WHLR
nasdaq,WHLRD
nasdaq,WHLRP
nasdaq,WHR
nasdaq,WIA
nasdaq,WILC
nasdaq,WIMI
nasdaq,WINA
nasdaq,WING
nasdaq,WINT
nasdaq,WINVW
nasdaq,WISA
nasdaq,WIT
nasdaq,WIW
nasdaq,WIX
nasdaq,WK
nasdaq,WKC
nasdaq,WKEY
nasdaq,WKHS
nasdaq,WKSP
nasdaq,WLAC
nasdaq,WLACU
nasdaq,WLACW
nasdaq,WLDN
nasdaq,WLDS
nasdaq,WLDSW
nasdaq,WLFC
nasdaq,WLGS
nasdaq,WLK
nasdaq,WLKP
nasdaq,WLY
nasdaq,WLYB
nasdaq,WM
nasdaq,WMB
nasdaq,WMG
nasdaq,WMK
nasdaq,WMPN
nasdaq,WMS
nasdaq,WMT
nasdaq,WNC
nasdaq,WNEB
nasdaq,WNS
nasdaq,WNW
nasdaq,WOK
nasdaq,WOLF
nasdaq,WOOF
nasdaq,WOR
nasdaq,WORX
nasdaq,WOW
nasdaq,WPC
nasdaq,WPM
nasdaq,WPP
nasdaq,WPRT
nasdaq,WRAP
nasdaq,WRB
nasdaq,WRB^E
nasdaq,WRB^F
nasdaq,WRB^G
nasdaq,WRB^H
nasdaq,WRBY
nasdaq,WRD
nasdaq,WRLD
nasdaq,WRN
nasdaq,WS
nasdaq,WSBC
nasdaq,WSBCP
nasdaq,WSBF
nasdaq,WSC
nasdaq,WSFS
nasdaq,WSM
nasdaq,WSO
nasdaq,WSO/B
nasdaq,WSR
nasdaq,WST
nasdaq,WT
nasdaq,WTBA
nasdaq,WTFC
nasdaq,WTFCM
nasdaq,WTFCP
nasdaq,WTI
nasdaq,WTM
nasdaq,WTO
nasdaq,WTRG
nasdaq,WTS
nasdaq,WTTR
nasdaq,WTW
nasdaq,WU
nasdaq,WULF
nasdaq,WVE
nasdaq,WVVI
nasdaq,WVVIP
nasdaq,WW
nasdaq,WWD
nasdaq,WWR
nasdaq,WWW
nasdaq,WY
nasdaq,WYHG
nasdaq,WYNN
nasdaq,WYY
nasdaq,X
nasdaq,XAIR
nasdaq,XBIO
nasdaq,XBIT
nasdaq,XBP
nasdaq,XCH
nasdaq,XCUR
nasdaq,XEL
nasdaq,XELB
nasdaq,XENE
nasdaq,XERS
nasdaq,XFLT
nasdaq,XFLT^A
nasdaq,XFOR
nasdaq,XGN
nasdaq,XHG
nasdaq,XHR
nasdaq,XIN
nasdaq,XLO
nasdaq,XMTR
nasdaq,XNCR
nasdaq,XNET
nasdaq,XOM
nasdaq,XOMA
nasdaq,XOMAO
nasdaq,XOMAP
nasdaq,XOS
nasdaq,XOSWW
nasdaq,XP
nasdaq,XPEL
nasdaq,XPER
nasdaq,XPEV
nasdaq,XPL
nasdaq,XPO
nasdaq,XPOF
nasdaq,XPON
nasdaq,XPRO
nasdaq,XRAY
nasdaq,XRTX
nasdaq,XRX
nasdaq,XTIA
nasdaq,XTKG
nasdaq,XTLB
nasdaq,XTNT
nasdaq,XWEL
nasdaq,XXII
nasdaq,XYF
nasdaq,XYL
nasdaq,XYLO
nasdaq,XYZ
nasdaq,YAAS
nasdaq,YALA
nasdaq,YCBD
nasdaq,YCBD^A
nasdaq,YELP
nasdaq,YETI
nasdaq,YEXT
nasdaq,YGMZ
nasdaq,YHC
nasdaq,YHGJ
nasdaq,YHNA
nasdaq,YHNAR
nasdaq,YI
nasdaq,YIBO
nasdaq,YJ
nasdaq,YMAB
nasdaq,YMM
nasdaq,YORW
nasdaq,YOSH
nasdaq,YOTA
nasdaq,YOTAR
nasdaq,YOTAW
nasdaq,YOU
nasdaq,YPF
nasdaq,YQ
nasdaq,YRD
nasdaq,YSG
nasdaq,YSXT
nasdaq,YTRA
nasdaq,YUM
nasdaq,YUMC
nasdaq,YXT
nasdaq,YY
nasdaq,YYAI
nasdaq,YYGH
nasdaq,Z
nasdaq,ZAPP
nasdaq,ZAPPW
nasdaq,ZBAI
nasdaq,ZBAO
nasdaq,ZBH
nasdaq,ZBIO
nasdaq,ZBRA
nasdaq,ZCAR
nasdaq,ZCARW
nasdaq,ZCMD
nasdaq,ZD
nasdaq,ZDGE
nasdaq,ZENA
nasdaq,ZENV
nasdaq,ZEO
nasdaq,ZEOWW
nasdaq,ZEPP
nasdaq,ZETA
nasdaq,ZEUS
nasdaq,ZG
nasdaq,ZGN
nasdaq,ZH
nasdaq,ZI
nasdaq,ZIM
nasdaq,ZIMV
nasdaq,ZION
nasdaq,ZIONP
nasdaq,ZIP
nasdaq,ZJK
nasdaq,ZJYL
nasdaq,ZK
nasdaq,ZKH
nasdaq,ZKIN
nasdaq,ZLAB
nasdaq,ZM
nasdaq,ZNTL
nasdaq,ZOM
nasdaq,ZONE
nasdaq,ZOOZ
nasdaq,ZOOZW
nasdaq,ZS
nasdaq,ZSPC
nasdaq,ZTEK
nasdaq,ZTO
nasdaq,ZTR
nasdaq,ZTS
nasdaq,ZUMZ
nasdaq,ZUO
nasdaq,ZURA
nasdaq,ZVIA
nasdaq,ZVRA
nasdaq,ZVSA
nasdaq,ZWS
nasdaq,ZYBT
nasdaq,ZYME
nasdaq,ZYXI
